neutral_id,status,reason,molecular_weight_g_mol,cation_id,anion_id
libe-137146,rejected,disallowed_element,,,
libe-192466,rejected,disallowed_element,,,
libe-192666,rejected,disallowed_element,,,
libe-192837,rejected,disallowed_element,,,
libe-192884,rejected,disallowed_element,,,
libe-192936,rejected,disallowed_element,,,
libe-192949,rejected,disallowed_element,,,
libe-192950,rejected,disallowed_element,,,
libe-117518,rejected,not_closed_shell,,,
libe-120543,rejected,not_closed_shell,,,
libe-120573,rejected,not_closed_shell,,,
libe-120633,rejected,disallowed_element,,,
libe-120634,rejected,disallowed_element,,,
libe-120646,rejected,disallowed_element,,,
libe-120649,rejected,disallowed_element,,,
libe-631182,rejected,disallowed_element,,,
libe-631186,rejected,disallowed_element,,,
libe-631203,rejected,disallowed_element,,,
libe-510616,rejected,disallowed_element,,,
libe-514421,rejected,disallowed_element,,,
libe-515493,rejected,disallowed_element,,,
libe-519172,rejected,disallowed_element,,,
libe-522210,rejected,disallowed_element,,,
libe-523086,rejected,disallowed_element,,,
libe-523737,rejected,disallowed_element,,,
libe-523908,rejected,disallowed_element,,,
libe-527344,rejected,disallowed_element,,,
libe-528815,rejected,disallowed_element,,,
libe-536234,rejected,disallowed_element,,,
libe-542397,rejected,disallowed_element,,,
libe-631206,rejected,disallowed_element,,,
libe-631244,rejected,disallowed_element,,,
libe-631246,rejected,disallowed_element,,,
libe-631253,rejected,disallowed_element,,,
libe-631271,rejected,disallowed_element,,,
libe-631291,rejected,disallowed_element,,,
libe-631294,rejected,disallowed_element,,,
libe-631348,rejected,disallowed_element,,,
libe-631373,rejected,disallowed_element,,,
libe-631534,rejected,disallowed_element,,,
libe-631615,rejected,disallowed_element,,,
libe-631673,rejected,disallowed_element,,,
libe-631679,rejected,disallowed_element,,,
libe-631705,rejected,disallowed_element,,,
libe-631732,rejected,disallowed_element,,,
libe-631835,rejected,disallowed_element,,,
libe-631880,rejected,disallowed_element,,,
libe-631911,rejected,disallowed_element,,,
libe-631932,rejected,disallowed_element,,,
libe-631976,rejected,disallowed_element,,,
libe-632064,rejected,disallowed_element,,,
libe-632084,rejected,disallowed_element,,,
libe-632126,rejected,disallowed_element,,,
libe-634003,rejected,disallowed_element,,,
libe-634017,rejected,disallowed_element,,,
libe-116212,rejected,mass_out_of_range,48.044,,
libe-224753,rejected,not_closed_shell,48.044,,
libe-173529,rejected,not_closed_shell,,,
libe-501843,rejected,disallowed_element,,,
libe-121835,rejected,not_closed_shell,,,
libe-121836,rejected,not_closed_shell,,,
libe-121838,rejected,not_closed_shell,,,
libe-121839,rejected,not_closed_shell,,,
libe-121840,rejected,not_closed_shell,,,
libe-121842,rejected,not_closed_shell,,,
libe-121850,rejected,not_closed_shell,,,
libe-115784,rejected,missing_anion_match,106.077,libe-120826,
libe-529089,rejected,not_closed_shell,,,
libe-515248,rejected,not_closed_shell,,,
libe-524620,rejected,not_closed_shell,,,
libe-121546,rejected,not_closed_shell,177.132,,
libe-121547,rejected,not_closed_shell,177.132,,
libe-121549,rejected,not_closed_shell,177.132,,
libe-137706,rejected,disallowed_element,,,
libe-137773,rejected,disallowed_element,,,
libe-138171,rejected,disallowed_element,,,
libe-117797,accepted,,72.107,libe-117196,libe-117202
libe-117798,rejected,missing_anion_match,72.107,libe-117219,
libe-227518,rejected,not_closed_shell,72.107,,
libe-516030,rejected,disallowed_element,,,
libe-527938,rejected,disallowed_element,,,
libe-121680,rejected,disallowed_element,,,
libe-118671,rejected,not_closed_shell,45.017,,
libe-121691,rejected,not_closed_shell,,,
libe-121693,rejected,not_closed_shell,,,
libe-121702,rejected,not_closed_shell,,,
libe-179186,rejected,not_closed_shell,,,
libe-193697,rejected,not_closed_shell,,,
libe-120748,rejected,disallowed_element,,,
libe-120749,rejected,disallowed_element,,,
libe-120766,rejected,disallowed_element,,,
libe-179301,rejected,disallowed_element,,,
libe-179340,rejected,disallowed_element,,,
libe-180655,rejected,disallowed_element,,,
libe-223082,rejected,disallowed_element,,,
libe-141098,rejected,disallowed_element,,,
libe-520764,rejected,disallowed_element,,,
libe-524460,rejected,disallowed_element,,,
libe-641648,rejected,not_closed_shell,,,
libe-641653,rejected,not_closed_shell,,,
libe-641661,rejected,not_closed_shell,,,
libe-140849,rejected,disallowed_element,,,
libe-141007,rejected,disallowed_element,,,
libe-136329,rejected,not_closed_shell,,,
libe-173547,rejected,not_closed_shell,,,
libe-176202,rejected,not_closed_shell,,,
libe-176686,rejected,not_closed_shell,,,
libe-209466,rejected,not_closed_shell,,,
libe-120693,rejected,disallowed_element,,,
libe-636300,rejected,disallowed_element,,,
libe-120701,rejected,disallowed_element,,,
libe-636340,rejected,disallowed_element,,,
libe-631483,rejected,disallowed_element,,,
libe-634018,rejected,disallowed_element,,,
libe-640034,rejected,not_closed_shell,,,
libe-640088,rejected,not_closed_shell,,,
libe-640114,rejected,not_closed_shell,,,
libe-640473,rejected,not_closed_shell,,,
libe-640765,rejected,not_closed_shell,,,
libe-510475,rejected,not_closed_shell,,,
libe-511068,rejected,not_closed_shell,,,
libe-515153,rejected,not_closed_shell,,,
libe-516115,rejected,not_closed_shell,,,
libe-519802,rejected,not_closed_shell,,,
libe-520481,rejected,not_closed_shell,,,
libe-523308,rejected,not_closed_shell,,,
libe-524555,rejected,not_closed_shell,,,
libe-524777,rejected,not_closed_shell,,,
libe-524994,rejected,not_closed_shell,,,
libe-525742,rejected,not_closed_shell,,,
libe-528208,rejected,not_closed_shell,,,
libe-528858,rejected,not_closed_shell,,,
libe-516546,rejected,not_closed_shell,,,
libe-516656,rejected,not_closed_shell,,,
libe-517039,rejected,not_closed_shell,,,
libe-519769,rejected,not_closed_shell,,,
libe-520498,rejected,not_closed_shell,,,
libe-524922,rejected,not_closed_shell,,,
libe-527023,rejected,not_closed_shell,,,
libe-534489,rejected,not_closed_shell,,,
libe-537024,rejected,not_closed_shell,,,
libe-542211,rejected,not_closed_shell,,,
libe-137781,rejected,not_closed_shell,,,
libe-137848,rejected,not_closed_shell,,,
libe-510588,rejected,not_closed_shell,,,
libe-510600,rejected,not_closed_shell,,,
libe-515019,rejected,not_closed_shell,,,
libe-516114,rejected,not_closed_shell,,,
libe-516792,rejected,not_closed_shell,,,
libe-517523,rejected,not_closed_shell,,,
libe-524445,rejected,not_closed_shell,,,
libe-115792,rejected,disallowed_element,,,
libe-117865,rejected,disallowed_element,,,
libe-120478,rejected,not_closed_shell,,,
libe-120481,rejected,not_closed_shell,,,
libe-120483,rejected,not_closed_shell,,,
libe-120490,rejected,not_closed_shell,,,
libe-120565,rejected,not_closed_shell,,,
libe-120579,rejected,not_closed_shell,,,
libe-120589,rejected,not_closed_shell,,,
libe-120653,rejected,not_closed_shell,,,
libe-121229,rejected,not_closed_shell,,,
libe-121233,rejected,not_closed_shell,,,
libe-118651,rejected,not_closed_shell,,,
libe-132261,rejected,not_closed_shell,,,
libe-207181,rejected,not_closed_shell,,,
libe-115942,rejected,not_closed_shell,37.041000000000004,,
libe-115944,rejected,not_closed_shell,37.041000000000004,,
libe-116208,rejected,not_closed_shell,,,
libe-116209,rejected,not_closed_shell,,,
libe-116225,rejected,not_closed_shell,,,
libe-116231,rejected,not_closed_shell,,,
libe-116245,rejected,not_closed_shell,,,
libe-136407,rejected,disallowed_element,,,
libe-136456,rejected,disallowed_element,,,
libe-137070,rejected,disallowed_element,,,
libe-137221,rejected,disallowed_element,,,
libe-179837,rejected,disallowed_element,,,
libe-179885,rejected,disallowed_element,,,
libe-179895,rejected,disallowed_element,,,
libe-180186,rejected,disallowed_element,,,
libe-141131,rejected,not_closed_shell,,,
libe-141241,rejected,not_closed_shell,,,
libe-141303,rejected,not_closed_shell,,,
libe-141422,rejected,not_closed_shell,,,
libe-173435,rejected,disallowed_element,,,
libe-642705,rejected,not_closed_shell,,,
libe-510900,rejected,disallowed_element,,,
libe-527965,rejected,disallowed_element,,,
libe-515075,rejected,disallowed_element,,,
libe-516754,rejected,disallowed_element,,,
libe-526057,rejected,disallowed_element,,,
libe-529095,rejected,disallowed_element,,,
libe-115883,rejected,not_closed_shell,,,
libe-514825,rejected,not_closed_shell,,,
libe-117059,rejected,not_closed_shell,69.083,,
libe-117061,rejected,not_closed_shell,69.083,,
libe-117063,rejected,not_closed_shell,69.083,,
libe-117065,rejected,not_closed_shell,69.083,,
libe-117067,rejected,not_closed_shell,69.083,,
libe-117069,rejected,not_closed_shell,69.083,,
libe-117070,rejected,not_closed_shell,69.083,,
libe-117071,rejected,not_closed_shell,69.083,,
libe-117080,rejected,not_closed_shell,69.083,,
libe-117082,rejected,not_closed_shell,69.083,,
libe-117085,rejected,not_closed_shell,69.083,,
libe-117087,rejected,not_closed_shell,69.083,,
libe-117093,rejected,not_closed_shell,69.083,,
libe-117096,rejected,not_closed_shell,69.083,,
libe-117109,rejected,not_closed_shell,69.083,,
libe-117102,rejected,not_closed_shell,69.083,,
libe-117103,rejected,not_closed_shell,69.083,,
libe-117105,rejected,not_closed_shell,69.083,,
libe-117108,rejected,not_closed_shell,69.083,,
libe-117124,rejected,not_closed_shell,69.083,,
libe-132387,rejected,not_closed_shell,69.083,,
libe-132394,rejected,not_closed_shell,69.083,,
libe-132412,rejected,not_closed_shell,69.083,,
libe-132422,rejected,not_closed_shell,69.083,,
libe-515676,rejected,not_closed_shell,69.083,,
libe-522739,rejected,not_closed_shell,69.083,,
libe-523090,rejected,disallowed_element,,,
libe-523604,rejected,disallowed_element,,,
libe-525354,rejected,disallowed_element,,,
libe-632011,rejected,not_closed_shell,,,
libe-632065,rejected,not_closed_shell,,,
libe-632112,rejected,not_closed_shell,,,
libe-632156,rejected,not_closed_shell,,,
libe-632227,rejected,not_closed_shell,,,
libe-632273,rejected,not_closed_shell,,,
libe-632276,rejected,not_closed_shell,,,
libe-632288,rejected,not_closed_shell,,,
libe-632291,rejected,not_closed_shell,,,
libe-632398,rejected,not_closed_shell,,,
libe-632495,rejected,not_closed_shell,,,
libe-632547,rejected,not_closed_shell,,,
libe-528726,rejected,disallowed_element,,,
libe-639674,rejected,not_closed_shell,,,
libe-501721,rejected,disallowed_element,,,
libe-508938,rejected,disallowed_element,,,
libe-121504,rejected,missing_cation_match,148.07000000000002,,
libe-121505,accepted,,148.07000000000002,libe-121631,libe-121632
libe-121813,accepted,,148.07000000000002,libe-121644,libe-121634
libe-115795,rejected,disallowed_element,,,
libe-121686,rejected,disallowed_element,,,
libe-631223,rejected,disallowed_element,,,
libe-631265,rejected,disallowed_element,,,
libe-631272,rejected,disallowed_element,,,
libe-631276,rejected,disallowed_element,,,
libe-631279,rejected,disallowed_element,,,
libe-631289,rejected,disallowed_element,,,
libe-631298,rejected,disallowed_element,,,
libe-631309,rejected,disallowed_element,,,
libe-631312,rejected,disallowed_element,,,
libe-631362,rejected,disallowed_element,,,
libe-631393,rejected,disallowed_element,,,
libe-631686,rejected,disallowed_element,,,
libe-631720,rejected,disallowed_element,,,
libe-631751,rejected,disallowed_element,,,
libe-631784,rejected,disallowed_element,,,
libe-631914,rejected,disallowed_element,,,
libe-631917,rejected,disallowed_element,,,
libe-631918,rejected,disallowed_element,,,
libe-631958,rejected,disallowed_element,,,
libe-631983,rejected,disallowed_element,,,
libe-631994,rejected,disallowed_element,,,
libe-632002,rejected,disallowed_element,,,
libe-632026,rejected,disallowed_element,,,
libe-632035,rejected,disallowed_element,,,
libe-632087,rejected,disallowed_element,,,
libe-632113,rejected,disallowed_element,,,
libe-632135,rejected,disallowed_element,,,
libe-632147,rejected,disallowed_element,,,
libe-632175,rejected,disallowed_element,,,
libe-188386,rejected,not_closed_shell,,,
libe-188420,rejected,not_closed_shell,,,
libe-188454,rejected,not_closed_shell,,,
libe-188717,rejected,not_closed_shell,,,
libe-189873,rejected,not_closed_shell,,,
libe-135867,rejected,disallowed_element,,,
libe-137406,rejected,disallowed_element,,,
libe-137533,rejected,disallowed_element,,,
libe-193047,rejected,disallowed_element,,,
libe-194760,rejected,disallowed_element,,,
libe-226868,rejected,not_closed_shell,,,
libe-226886,rejected,not_closed_shell,,,
libe-226894,rejected,not_closed_shell,,,
libe-640819,rejected,not_closed_shell,,,
libe-640893,rejected,not_closed_shell,,,
libe-137660,rejected,not_closed_shell,,,
libe-137678,rejected,not_closed_shell,,,
libe-115765,rejected,mass_out_of_range,44.009,,
libe-117165,rejected,not_closed_shell,71.09899999999999,,
libe-117170,rejected,not_closed_shell,71.09899999999999,,
libe-117171,rejected,not_closed_shell,71.09899999999999,,
libe-117174,rejected,not_closed_shell,71.09899999999999,,
libe-117178,rejected,not_closed_shell,71.09899999999999,,
libe-117187,rejected,not_closed_shell,71.09899999999999,,
libe-117192,rejected,not_closed_shell,71.09899999999999,,
libe-117199,rejected,not_closed_shell,71.09899999999999,,
libe-117201,rejected,not_closed_shell,71.09899999999999,,
libe-117205,rejected,not_closed_shell,71.09899999999999,,
libe-132437,rejected,not_closed_shell,71.09899999999999,,
libe-519977,rejected,not_closed_shell,71.09899999999999,,
libe-501680,rejected,disallowed_element,,,
libe-137011,rejected,disallowed_element,,,
libe-137015,rejected,disallowed_element,,,
libe-179610,rejected,disallowed_element,,,
libe-179622,rejected,disallowed_element,,,
libe-179658,rejected,disallowed_element,,,
libe-180078,rejected,disallowed_element,,,
libe-180604,rejected,disallowed_element,,,
libe-220919,rejected,disallowed_element,,,
libe-642767,rejected,not_closed_shell,,,
libe-642782,rejected,not_closed_shell,,,
libe-642809,rejected,not_closed_shell,,,
libe-642838,rejected,not_closed_shell,,,
libe-643030,rejected,not_closed_shell,,,
libe-643109,rejected,not_closed_shell,,,
libe-117394,rejected,disallowed_element,,,
libe-117395,rejected,disallowed_element,,,
libe-117398,rejected,disallowed_element,,,
libe-117400,rejected,disallowed_element,,,
libe-117401,rejected,disallowed_element,,,
libe-117402,rejected,disallowed_element,,,
libe-117406,rejected,disallowed_element,,,
libe-117411,rejected,disallowed_element,,,
libe-117413,rejected,disallowed_element,,,
libe-117429,rejected,disallowed_element,,,
libe-183300,rejected,disallowed_element,,,
libe-183458,rejected,disallowed_element,,,
libe-183524,rejected,disallowed_element,,,
libe-183601,rejected,disallowed_element,,,
libe-186288,rejected,disallowed_element,,,
libe-188443,rejected,disallowed_element,,,
libe-115762,rejected,mass_out_of_range,31.998,,
libe-224547,rejected,not_closed_shell,31.998,,
libe-118236,rejected,disallowed_element,,,
libe-118248,rejected,disallowed_element,,,
libe-118258,rejected,disallowed_element,,,
libe-118259,rejected,disallowed_element,,,
libe-118263,rejected,disallowed_element,,,
libe-118267,rejected,disallowed_element,,,
libe-118280,rejected,disallowed_element,,,
libe-118281,rejected,disallowed_element,,,
libe-118285,rejected,disallowed_element,,,
libe-118295,rejected,disallowed_element,,,
libe-118297,rejected,disallowed_element,,,
libe-118303,rejected,disallowed_element,,,
libe-637174,rejected,disallowed_element,,,
libe-226697,rejected,not_closed_shell,,,
libe-226698,rejected,not_closed_shell,,,
libe-226711,rejected,not_closed_shell,,,
libe-226723,rejected,not_closed_shell,,,
libe-226727,rejected,not_closed_shell,,,
libe-226739,rejected,not_closed_shell,,,
libe-226746,rejected,not_closed_shell,,,
libe-226757,rejected,not_closed_shell,,,
libe-226759,rejected,not_closed_shell,,,
libe-226764,rejected,not_closed_shell,,,
libe-226768,rejected,not_closed_shell,,,
libe-226785,rejected,not_closed_shell,,,
libe-226788,rejected,not_closed_shell,,,
libe-640783,rejected,not_closed_shell,,,
libe-640945,rejected,not_closed_shell,,,
libe-118027,rejected,missing_cation_match,132.071,,
libe-118033,accepted,,132.071,libe-132011,libe-132025
libe-118044,rejected,missing_cation_match,132.071,,
libe-118057,accepted,,132.071,libe-132041,libe-132018
libe-118097,rejected,missing_cation_match,132.071,,
libe-138237,rejected,disallowed_element,,,
libe-138246,rejected,disallowed_element,,,
libe-177256,rejected,disallowed_element,,,
libe-177290,rejected,disallowed_element,,,
libe-177319,rejected,disallowed_element,,,
libe-177670,rejected,disallowed_element,,,
libe-177672,rejected,disallowed_element,,,
libe-178141,rejected,disallowed_element,,,
libe-178301,rejected,disallowed_element,,,
libe-180423,rejected,disallowed_element,,,
libe-180535,rejected,disallowed_element,,,
libe-221986,rejected,disallowed_element,,,
libe-222831,rejected,disallowed_element,,,
libe-140959,rejected,not_closed_shell,,,
libe-141026,rejected,not_closed_shell,,,
libe-141050,rejected,not_closed_shell,,,
libe-409448,rejected,not_closed_shell,,,
libe-116073,rejected,not_closed_shell,43.045,,
libe-116076,rejected,not_closed_shell,43.045,,
libe-116078,rejected,not_closed_shell,43.045,,
libe-116084,rejected,not_closed_shell,43.045,,
libe-208871,rejected,not_closed_shell,43.045,,
libe-209186,rejected,not_closed_shell,43.045,,
libe-524480,rejected,not_closed_shell,43.045,,
libe-178960,rejected,not_closed_shell,,,
libe-515441,rejected,disallowed_element,,,
libe-525446,rejected,disallowed_element,,,
libe-137364,rejected,disallowed_element,,,
libe-523732,rejected,disallowed_element,,,
libe-140757,rejected,disallowed_element,,,
libe-140840,rejected,disallowed_element,,,
libe-140846,rejected,disallowed_element,,,
libe-140877,rejected,disallowed_element,,,
libe-140921,rejected,disallowed_element,,,
libe-141160,rejected,disallowed_element,,,
libe-141213,rejected,disallowed_element,,,
libe-141264,rejected,disallowed_element,,,
libe-141365,rejected,disallowed_element,,,
libe-141450,rejected,disallowed_element,,,
libe-501712,rejected,not_closed_shell,,,
libe-515689,rejected,disallowed_element,,,
libe-519444,rejected,disallowed_element,,,
libe-521690,rejected,disallowed_element,,,
libe-528276,rejected,disallowed_element,,,
libe-640179,rejected,not_closed_shell,,,
libe-640183,rejected,not_closed_shell,,,
libe-640196,rejected,not_closed_shell,,,
libe-640367,rejected,not_closed_shell,,,
libe-116130,rejected,not_closed_shell,,,
libe-116134,rejected,not_closed_shell,,,
libe-116162,rejected,not_closed_shell,,,
libe-120394,rejected,not_closed_shell,,,
libe-120395,rejected,not_closed_shell,,,
libe-120396,rejected,not_closed_shell,,,
libe-120397,rejected,not_closed_shell,,,
libe-120399,rejected,not_closed_shell,,,
libe-120403,rejected,not_closed_shell,,,
libe-120404,rejected,not_closed_shell,,,
libe-120405,rejected,not_closed_shell,,,
libe-120409,rejected,not_closed_shell,,,
libe-120415,rejected,not_closed_shell,,,
libe-120798,rejected,not_closed_shell,,,
libe-120804,rejected,not_closed_shell,,,
libe-120887,rejected,not_closed_shell,,,
libe-120888,rejected,not_closed_shell,,,
libe-120889,rejected,not_closed_shell,,,
libe-120897,rejected,not_closed_shell,,,
libe-120899,rejected,not_closed_shell,,,
libe-120902,rejected,not_closed_shell,,,
libe-120905,rejected,not_closed_shell,,,
libe-120906,rejected,not_closed_shell,,,
libe-132252,rejected,not_closed_shell,,,
libe-120908,rejected,not_closed_shell,,,
libe-120909,rejected,not_closed_shell,,,
libe-120910,rejected,not_closed_shell,,,
libe-120915,rejected,not_closed_shell,,,
libe-120917,rejected,not_closed_shell,,,
libe-132258,rejected,not_closed_shell,,,
libe-140653,rejected,not_closed_shell,,,
libe-140656,rejected,not_closed_shell,,,
libe-187034,rejected,not_closed_shell,,,
libe-187163,rejected,not_closed_shell,,,
libe-187347,rejected,not_closed_shell,,,
libe-187382,rejected,not_closed_shell,,,
libe-187392,rejected,not_closed_shell,,,
libe-187429,rejected,not_closed_shell,,,
libe-187622,rejected,not_closed_shell,,,
libe-187682,rejected,not_closed_shell,,,
libe-187752,rejected,not_closed_shell,,,
libe-188331,rejected,not_closed_shell,,,
libe-118648,rejected,disallowed_element,,,
libe-119081,rejected,disallowed_element,,,
libe-634384,rejected,disallowed_element,,,
libe-225948,rejected,not_closed_shell,,,
libe-225962,rejected,not_closed_shell,,,
libe-639619,rejected,not_closed_shell,,,
libe-639753,rejected,not_closed_shell,,,
libe-136239,rejected,disallowed_element,,,
libe-136248,rejected,disallowed_element,,,
libe-206231,rejected,disallowed_element,,,
libe-206247,rejected,disallowed_element,,,
libe-206271,rejected,disallowed_element,,,
libe-206528,rejected,disallowed_element,,,
libe-224963,rejected,not_closed_shell,,,
libe-224965,rejected,not_closed_shell,,,
libe-641827,rejected,not_closed_shell,,,
libe-641830,rejected,not_closed_shell,,,
libe-641836,rejected,not_closed_shell,,,
libe-140998,rejected,not_closed_shell,,,
libe-141202,rejected,not_closed_shell,,,
libe-141281,rejected,not_closed_shell,,,
libe-141293,rejected,not_closed_shell,,,
libe-141443,rejected,not_closed_shell,,,
libe-141557,rejected,not_closed_shell,,,
libe-141601,rejected,not_closed_shell,,,
libe-405447,rejected,not_closed_shell,,,
libe-137692,rejected,disallowed_element,,,
libe-137693,rejected,disallowed_element,,,
libe-137726,rejected,disallowed_element,,,
libe-137772,rejected,disallowed_element,,,
libe-173433,rejected,disallowed_element,,,
libe-207705,rejected,disallowed_element,,,
libe-208448,rejected,disallowed_element,,,
libe-226508,rejected,not_closed_shell,,,
libe-226555,rejected,not_closed_shell,,,
libe-642447,rejected,not_closed_shell,,,
libe-642473,rejected,not_closed_shell,,,
libe-642503,rejected,not_closed_shell,,,
libe-510433,rejected,not_closed_shell,,,
libe-520384,rejected,not_closed_shell,,,
libe-521955,rejected,not_closed_shell,,,
libe-526794,rejected,not_closed_shell,,,
libe-527213,rejected,not_closed_shell,,,
libe-528592,rejected,not_closed_shell,,,
libe-529405,rejected,not_closed_shell,,,
libe-516577,rejected,not_closed_shell,,,
libe-528712,rejected,not_closed_shell,,,
libe-120954,rejected,not_closed_shell,,,
libe-120960,rejected,not_closed_shell,,,
libe-121710,rejected,not_closed_shell,,,
libe-121730,rejected,not_closed_shell,,,
libe-190135,rejected,not_closed_shell,,,
libe-190263,rejected,not_closed_shell,,,
libe-116808,accepted,,70.091,libe-117129,libe-117118
libe-116811,accepted,,70.091,libe-117136,libe-117135
libe-116818,accepted,,70.091,libe-117122,libe-117119
libe-116819,accepted,,70.091,libe-117153,libe-117151
libe-116821,rejected,missing_cation_match,70.091,,
libe-116822,rejected,missing_cation_match,70.091,,
libe-116824,rejected,missing_anion_match,70.091,libe-117145,
libe-116828,rejected,missing_cation_match,70.091,,
libe-116829,accepted,,70.091,libe-117116,libe-117117
libe-119293,rejected,missing_cation_match,70.091,,
libe-119303,accepted,,70.091,libe-117130,libe-117121
libe-119306,rejected,missing_anion_match,70.091,libe-117139,
libe-119313,accepted,,70.091,libe-117159,libe-117156
libe-119314,rejected,missing_anion_match,70.091,libe-117163,
libe-510486,accepted,,70.091,libe-510496,libe-510532
libe-226656,rejected,not_closed_shell,70.091,,
libe-226663,rejected,not_closed_shell,70.091,,
libe-226669,rejected,not_closed_shell,70.091,,
libe-226685,rejected,not_closed_shell,70.091,,
libe-226688,rejected,not_closed_shell,70.091,,
libe-226741,rejected,not_closed_shell,70.091,,
libe-226750,rejected,not_closed_shell,70.091,,
libe-226751,rejected,not_closed_shell,70.091,,
libe-226805,rejected,not_closed_shell,70.091,,
libe-226875,rejected,not_closed_shell,70.091,,
libe-226909,rejected,not_closed_shell,70.091,,
libe-226914,rejected,not_closed_shell,70.091,,
libe-226915,rejected,not_closed_shell,70.091,,
libe-227022,rejected,not_closed_shell,70.091,,
libe-640833,rejected,not_closed_shell,70.091,,
libe-117646,accepted,,104.06099999999999,libe-120243,libe-120844
libe-117650,accepted,,104.06099999999999,libe-120249,libe-120845
libe-117652,rejected,missing_cation_match,104.06099999999999,,
libe-117657,rejected,missing_cation_match,104.06099999999999,,
libe-120306,accepted,,104.06099999999999,libe-120241,libe-120843
libe-176932,rejected,missing_anion_match,104.06099999999999,libe-177438,
libe-518891,rejected,not_closed_shell,,,
libe-516458,rejected,disallowed_element,,,
libe-521119,rejected,disallowed_element,,,
libe-524396,rejected,disallowed_element,,,
libe-524610,rejected,disallowed_element,,,
libe-524907,rejected,disallowed_element,,,
libe-528358,rejected,disallowed_element,,,
libe-140786,rejected,disallowed_element,,,
libe-140989,rejected,disallowed_element,,,
libe-141002,rejected,disallowed_element,,,
libe-120645,rejected,not_closed_shell,,,
libe-120656,rejected,not_closed_shell,,,
libe-132290,rejected,not_closed_shell,,,
libe-526166,rejected,not_closed_shell,,,
libe-515152,rejected,not_closed_shell,,,
libe-516305,rejected,not_closed_shell,,,
libe-520079,rejected,not_closed_shell,,,
libe-520873,rejected,not_closed_shell,,,
libe-522690,rejected,not_closed_shell,,,
libe-524547,rejected,not_closed_shell,,,
libe-524599,rejected,not_closed_shell,,,
libe-526152,rejected,not_closed_shell,,,
libe-527822,rejected,not_closed_shell,,,
libe-529043,rejected,not_closed_shell,,,
libe-529197,rejected,not_closed_shell,,,
libe-535052,rejected,not_closed_shell,,,
libe-542402,rejected,not_closed_shell,,,
libe-118935,rejected,not_closed_shell,,,
libe-118940,rejected,not_closed_shell,,,
libe-118943,rejected,not_closed_shell,,,
libe-118979,rejected,not_closed_shell,,,
libe-118981,rejected,not_closed_shell,,,
libe-118994,rejected,not_closed_shell,,,
libe-118998,rejected,not_closed_shell,,,
libe-176763,rejected,not_closed_shell,,,
libe-177138,rejected,not_closed_shell,,,
libe-181741,rejected,not_closed_shell,,,
libe-181863,rejected,not_closed_shell,,,
libe-181883,rejected,not_closed_shell,,,
libe-182037,rejected,not_closed_shell,,,
libe-182189,rejected,not_closed_shell,,,
libe-182222,rejected,not_closed_shell,,,
libe-182426,rejected,not_closed_shell,,,
libe-182613,rejected,not_closed_shell,,,
libe-631468,rejected,not_closed_shell,,,
libe-631788,rejected,not_closed_shell,,,
libe-116109,rejected,disallowed_element,,,
libe-116114,rejected,disallowed_element,,,
libe-224569,rejected,not_closed_shell,,,
libe-224577,rejected,not_closed_shell,,,
libe-209556,rejected,disallowed_element,,,
libe-640708,rejected,not_closed_shell,,,
libe-141062,rejected,disallowed_element,,,
libe-141183,rejected,disallowed_element,,,
libe-141192,rejected,disallowed_element,,,
libe-141201,rejected,disallowed_element,,,
libe-141273,rejected,disallowed_element,,,
libe-141329,rejected,disallowed_element,,,
libe-141352,rejected,disallowed_element,,,
libe-141366,rejected,disallowed_element,,,
libe-141412,rejected,disallowed_element,,,
libe-141548,rejected,disallowed_element,,,
libe-141576,rejected,disallowed_element,,,
libe-141616,rejected,disallowed_element,,,
libe-393315,rejected,disallowed_element,,,
libe-393536,rejected,disallowed_element,,,
libe-424574,rejected,disallowed_element,,,
libe-141351,rejected,disallowed_element,,,
libe-401506,rejected,disallowed_element,,,
libe-120760,rejected,disallowed_element,,,
libe-120762,rejected,disallowed_element,,,
libe-120812,rejected,disallowed_element,,,
libe-120817,rejected,disallowed_element,,,
libe-180437,rejected,disallowed_element,,,
libe-637974,rejected,disallowed_element,,,
libe-641655,rejected,not_closed_shell,,,
libe-136949,rejected,disallowed_element,,,
libe-136961,rejected,disallowed_element,,,
libe-636061,rejected,disallowed_element,,,
libe-176208,rejected,disallowed_element,,,
libe-636056,rejected,disallowed_element,,,
libe-642014,rejected,not_closed_shell,,,
libe-642053,rejected,not_closed_shell,,,
libe-642073,rejected,not_closed_shell,,,
libe-642080,rejected,not_closed_shell,,,
libe-642146,rejected,not_closed_shell,,,
libe-135944,rejected,disallowed_element,,,
libe-137439,rejected,disallowed_element,,,
libe-137443,rejected,disallowed_element,,,
libe-137543,rejected,disallowed_element,,,
libe-137546,rejected,disallowed_element,,,
libe-208508,rejected,disallowed_element,,,
libe-208580,rejected,disallowed_element,,,
libe-208829,rejected,disallowed_element,,,
libe-208837,rejected,disallowed_element,,,
libe-225738,rejected,not_closed_shell,,,
libe-225747,rejected,not_closed_shell,,,
libe-225751,rejected,not_closed_shell,,,
libe-225755,rejected,not_closed_shell,,,
libe-228065,rejected,not_closed_shell,,,
libe-642369,rejected,not_closed_shell,,,
libe-642374,rejected,not_closed_shell,,,
libe-642379,rejected,not_closed_shell,,,
libe-642399,rejected,not_closed_shell,,,
libe-136073,rejected,not_closed_shell,,,
libe-136334,rejected,not_closed_shell,,,
libe-136484,rejected,not_closed_shell,,,
libe-136644,rejected,not_closed_shell,,,
libe-137156,rejected,not_closed_shell,,,
libe-137632,rejected,not_closed_shell,,,
libe-137804,rejected,not_closed_shell,,,
libe-137946,rejected,not_closed_shell,,,
libe-188796,rejected,not_closed_shell,,,
libe-188891,rejected,not_closed_shell,,,
libe-189007,rejected,not_closed_shell,,,
libe-189932,rejected,not_closed_shell,,,
libe-190786,rejected,not_closed_shell,,,
libe-191293,rejected,not_closed_shell,,,
libe-191296,rejected,not_closed_shell,,,
libe-192075,rejected,not_closed_shell,,,
libe-120972,rejected,not_closed_shell,117.124,,
libe-120982,rejected,not_closed_shell,117.124,,
libe-174851,rejected,not_closed_shell,117.124,,
libe-174856,rejected,not_closed_shell,117.124,,
libe-524689,rejected,not_closed_shell,,,
libe-542235,rejected,not_closed_shell,,,
libe-141613,rejected,disallowed_element,,,
libe-422858,rejected,disallowed_element,,,
libe-430778,rejected,disallowed_element,,,
libe-523242,rejected,disallowed_element,,,
libe-640453,rejected,not_closed_shell,,,
libe-173543,rejected,not_closed_shell,,,
libe-173575,rejected,not_closed_shell,,,
libe-121629,rejected,not_closed_shell,147.062,,
libe-121642,rejected,not_closed_shell,147.062,,
libe-135977,rejected,disallowed_element,,,
libe-135996,rejected,disallowed_element,,,
libe-136190,rejected,disallowed_element,,,
libe-136269,rejected,disallowed_element,,,
libe-137047,rejected,disallowed_element,,,
libe-137057,rejected,disallowed_element,,,
libe-137753,rejected,disallowed_element,,,
libe-196429,rejected,disallowed_element,,,
libe-196445,rejected,disallowed_element,,,
libe-196460,rejected,disallowed_element,,,
libe-196473,rejected,disallowed_element,,,
libe-636769,rejected,disallowed_element,,,
libe-196484,rejected,disallowed_element,,,
libe-196512,rejected,disallowed_element,,,
libe-196521,rejected,disallowed_element,,,
libe-196553,rejected,disallowed_element,,,
libe-196564,rejected,disallowed_element,,,
libe-196587,rejected,disallowed_element,,,
libe-196592,rejected,disallowed_element,,,
libe-196660,rejected,disallowed_element,,,
libe-211358,rejected,disallowed_element,,,
libe-211395,rejected,disallowed_element,,,
libe-517635,rejected,disallowed_element,,,
libe-519621,rejected,disallowed_element,,,
libe-523460,rejected,disallowed_element,,,
libe-642110,rejected,not_closed_shell,,,
libe-642118,rejected,not_closed_shell,,,
libe-642138,rejected,not_closed_shell,,,
libe-642155,rejected,not_closed_shell,,,
libe-642170,rejected,not_closed_shell,,,
libe-642192,rejected,not_closed_shell,,,
libe-642217,rejected,not_closed_shell,,,
libe-642277,rejected,not_closed_shell,,,
libe-642302,rejected,not_closed_shell,,,
libe-642327,rejected,not_closed_shell,,,
libe-642392,rejected,not_closed_shell,,,
libe-642728,rejected,not_closed_shell,,,
libe-517226,rejected,not_closed_shell,,,
libe-120549,rejected,not_closed_shell,,,
libe-120567,rejected,not_closed_shell,,,
libe-141043,rejected,disallowed_element,,,
libe-141315,rejected,disallowed_element,,,
libe-141376,rejected,disallowed_element,,,
libe-141571,rejected,disallowed_element,,,
libe-435997,rejected,disallowed_element,,,
libe-462512,rejected,disallowed_element,,,
libe-469422,rejected,disallowed_element,,,
libe-115811,rejected,not_closed_shell,,,
libe-115813,rejected,not_closed_shell,,,
libe-115996,rejected,not_closed_shell,41.073,,
libe-116069,rejected,not_closed_shell,41.073,,
libe-116070,rejected,not_closed_shell,41.073,,
libe-116077,rejected,not_closed_shell,41.073,,
libe-502229,rejected,not_closed_shell,,,
libe-502270,rejected,not_closed_shell,,,
libe-502546,rejected,not_closed_shell,,,
libe-520266,rejected,disallowed_element,,,
libe-527864,rejected,disallowed_element,,,
libe-539591,rejected,disallowed_element,,,
libe-502020,rejected,disallowed_element,,,
libe-523825,rejected,not_closed_shell,,,
libe-535633,rejected,not_closed_shell,,,
libe-514468,rejected,disallowed_element,,,
libe-516749,rejected,disallowed_element,,,
libe-523962,rejected,disallowed_element,,,
libe-635713,rejected,disallowed_element,,,
libe-528109,rejected,disallowed_element,,,
libe-640225,rejected,not_closed_shell,,,
libe-640228,rejected,not_closed_shell,,,
libe-640238,rejected,not_closed_shell,,,
libe-640243,rejected,not_closed_shell,,,
libe-640402,rejected,not_closed_shell,,,
libe-116330,rejected,not_closed_shell,55.056000000000004,,
libe-116340,rejected,not_closed_shell,55.056000000000004,,
libe-116350,rejected,not_closed_shell,55.056000000000004,,
libe-116361,rejected,not_closed_shell,55.056000000000004,,
libe-116365,rejected,not_closed_shell,55.056000000000004,,
libe-116368,rejected,not_closed_shell,55.056000000000004,,
libe-116384,rejected,not_closed_shell,55.056000000000004,,
libe-116386,rejected,not_closed_shell,55.056000000000004,,
libe-116389,rejected,not_closed_shell,55.056000000000004,,
libe-116401,rejected,not_closed_shell,55.056000000000004,,
libe-132351,rejected,not_closed_shell,55.056000000000004,,
libe-184561,rejected,not_closed_shell,55.056,,
libe-184578,rejected,not_closed_shell,55.056000000000004,,
libe-184735,rejected,not_closed_shell,55.056,,
libe-186611,rejected,not_closed_shell,55.056000000000004,,
libe-510978,rejected,not_closed_shell,55.056000000000004,,
libe-515736,rejected,not_closed_shell,55.056000000000004,,
libe-525920,rejected,not_closed_shell,55.056000000000004,,
libe-526135,rejected,not_closed_shell,55.056000000000004,,
libe-136072,rejected,not_closed_shell,,,
libe-514785,rejected,not_closed_shell,,,
libe-515009,rejected,not_closed_shell,,,
libe-515374,rejected,not_closed_shell,,,
libe-140778,rejected,disallowed_element,,,
libe-140789,rejected,disallowed_element,,,
libe-140852,rejected,disallowed_element,,,
libe-140879,rejected,disallowed_element,,,
libe-141132,rejected,disallowed_element,,,
libe-141173,rejected,disallowed_element,,,
libe-141194,rejected,disallowed_element,,,
libe-118194,rejected,disallowed_element,,,
libe-118195,rejected,disallowed_element,,,
libe-118196,rejected,disallowed_element,,,
libe-118200,rejected,disallowed_element,,,
libe-118205,rejected,disallowed_element,,,
libe-118213,rejected,disallowed_element,,,
libe-118218,rejected,disallowed_element,,,
libe-136969,rejected,disallowed_element,,,
libe-179426,rejected,disallowed_element,,,
libe-225589,rejected,not_closed_shell,,,
libe-225604,rejected,not_closed_shell,,,
libe-225613,rejected,not_closed_shell,,,
libe-225657,rejected,not_closed_shell,,,
libe-225674,rejected,not_closed_shell,,,
libe-225705,rejected,not_closed_shell,,,
libe-225779,rejected,not_closed_shell,,,
libe-225787,rejected,not_closed_shell,,,
libe-639647,rejected,not_closed_shell,,,
libe-639747,rejected,not_closed_shell,,,
libe-510558,rejected,not_closed_shell,,,
libe-517362,rejected,not_closed_shell,,,
libe-524801,rejected,not_closed_shell,,,
libe-136144,rejected,not_closed_shell,,,
libe-136185,rejected,not_closed_shell,,,
libe-137718,rejected,not_closed_shell,,,
libe-137725,rejected,not_closed_shell,,,
libe-193054,rejected,not_closed_shell,,,
libe-193260,rejected,not_closed_shell,,,
libe-193270,rejected,not_closed_shell,,,
libe-193293,rejected,not_closed_shell,,,
libe-193375,rejected,not_closed_shell,,,
libe-193547,rejected,not_closed_shell,,,
libe-207546,rejected,not_closed_shell,,,
libe-207767,rejected,not_closed_shell,,,
libe-207877,rejected,not_closed_shell,,,
libe-208443,rejected,not_closed_shell,,,
libe-210793,rejected,not_closed_shell,,,
libe-524721,rejected,not_closed_shell,,,
libe-509302,rejected,disallowed_element,,,
libe-120799,rejected,disallowed_element,,,
libe-510495,rejected,not_closed_shell,,,
libe-516784,rejected,not_closed_shell,,,
libe-521685,rejected,not_closed_shell,,,
libe-522373,rejected,not_closed_shell,,,
libe-529237,rejected,not_closed_shell,,,
libe-536378,rejected,not_closed_shell,,,
libe-140708,rejected,not_closed_shell,,,
libe-140735,rejected,not_closed_shell,,,
libe-140981,rejected,not_closed_shell,,,
libe-510550,rejected,not_closed_shell,,,
libe-116375,rejected,not_closed_shell,51.068,,
libe-116377,rejected,not_closed_shell,51.068,,
libe-116379,rejected,not_closed_shell,51.068,,
libe-116388,rejected,not_closed_shell,51.068,,
libe-116395,rejected,not_closed_shell,51.068,,
libe-116398,rejected,not_closed_shell,51.068,,
libe-116405,rejected,not_closed_shell,51.068,,
libe-116411,rejected,not_closed_shell,51.068,,
libe-516810,rejected,disallowed_element,,,
libe-137421,rejected,disallowed_element,,,
libe-137428,rejected,disallowed_element,,,
libe-522805,rejected,not_closed_shell,,,
libe-631374,rejected,disallowed_element,,,
libe-631452,rejected,disallowed_element,,,
libe-631494,rejected,disallowed_element,,,
libe-631598,rejected,disallowed_element,,,
libe-631714,rejected,disallowed_element,,,
libe-631794,rejected,disallowed_element,,,
libe-631798,rejected,disallowed_element,,,
libe-631868,rejected,disallowed_element,,,
libe-631910,rejected,disallowed_element,,,
libe-632027,rejected,disallowed_element,,,
libe-632153,rejected,disallowed_element,,,
libe-632180,rejected,disallowed_element,,,
libe-632323,rejected,disallowed_element,,,
libe-632388,rejected,disallowed_element,,,
libe-632391,rejected,disallowed_element,,,
libe-632415,rejected,disallowed_element,,,
libe-632417,rejected,disallowed_element,,,
libe-632455,rejected,disallowed_element,,,
libe-632472,rejected,disallowed_element,,,
libe-632479,rejected,disallowed_element,,,
libe-632588,rejected,disallowed_element,,,
libe-516806,rejected,not_closed_shell,,,
libe-523917,rejected,not_closed_shell,,,
libe-527373,rejected,not_closed_shell,,,
libe-542178,rejected,not_closed_shell,,,
libe-117590,rejected,not_closed_shell,75.043,,
libe-201912,rejected,not_closed_shell,75.043,,
libe-138152,rejected,disallowed_element,,,
libe-138208,rejected,disallowed_element,,,
libe-181910,rejected,disallowed_element,,,
libe-501301,rejected,disallowed_element,,,
libe-501302,rejected,disallowed_element,,,
libe-529359,rejected,not_closed_shell,,,
libe-116947,rejected,not_closed_shell,83.066,,
libe-116949,rejected,not_closed_shell,83.066,,
libe-116950,rejected,not_closed_shell,83.066,,
libe-116951,rejected,not_closed_shell,83.066,,
libe-116952,rejected,not_closed_shell,83.066,,
libe-116956,rejected,not_closed_shell,83.066,,
libe-116957,rejected,not_closed_shell,83.066,,
libe-116959,rejected,not_closed_shell,83.066,,
libe-116961,rejected,not_closed_shell,83.066,,
libe-116964,rejected,not_closed_shell,83.066,,
libe-116966,rejected,not_closed_shell,83.066,,
libe-116971,rejected,not_closed_shell,83.066,,
libe-116974,rejected,not_closed_shell,83.066,,
libe-116979,rejected,not_closed_shell,83.066,,
libe-116982,rejected,not_closed_shell,83.066,,
libe-116987,rejected,not_closed_shell,83.066,,
libe-116990,rejected,not_closed_shell,83.066,,
libe-117022,rejected,not_closed_shell,83.066,,
libe-141174,rejected,disallowed_element,,,
libe-141217,rejected,disallowed_element,,,
libe-391638,rejected,disallowed_element,,,
libe-394801,rejected,disallowed_element,,,
libe-398262,rejected,disallowed_element,,,
libe-423122,rejected,disallowed_element,,,
libe-136240,rejected,not_closed_shell,,,
libe-137013,rejected,not_closed_shell,,,
libe-116221,rejected,not_closed_shell,53.040000000000006,,
libe-116232,rejected,not_closed_shell,53.040000000000006,,
libe-116239,rejected,not_closed_shell,53.040000000000006,,
libe-116240,rejected,not_closed_shell,53.040000000000006,,
libe-116247,rejected,not_closed_shell,53.040000000000006,,
libe-132365,rejected,not_closed_shell,53.040000000000006,,
libe-501954,rejected,disallowed_element,,,
libe-501955,rejected,disallowed_element,,,
libe-516823,rejected,not_closed_shell,,,
libe-528405,rejected,not_closed_shell,,,
libe-528628,rejected,not_closed_shell,,,
libe-542567,rejected,not_closed_shell,,,
libe-121538,rejected,not_closed_shell,161.133,,
libe-121539,rejected,not_closed_shell,161.133,,
libe-121540,rejected,not_closed_shell,161.133,,
libe-121541,rejected,not_closed_shell,161.133,,
libe-121542,rejected,not_closed_shell,161.133,,
libe-121548,rejected,not_closed_shell,161.133,,
libe-501347,rejected,not_closed_shell,,,
libe-520511,rejected,disallowed_element,,,
libe-502037,rejected,disallowed_element,,,
libe-527796,rejected,not_closed_shell,,,
libe-497454,rejected,disallowed_element,,,
libe-642675,rejected,not_closed_shell,,,
libe-137333,rejected,not_closed_shell,,,
libe-179983,rejected,not_closed_shell,,,
libe-180268,rejected,not_closed_shell,,,
libe-116011,rejected,not_closed_shell,17.007,,
libe-117344,rejected,not_closed_shell,,,
libe-117345,rejected,not_closed_shell,,,
libe-117346,rejected,not_closed_shell,,,
libe-117349,rejected,not_closed_shell,,,
libe-117350,rejected,not_closed_shell,,,
libe-117368,rejected,not_closed_shell,,,
libe-117379,rejected,not_closed_shell,,,
libe-115775,rejected,disallowed_element,,,
libe-115777,rejected,disallowed_element,,,
libe-175991,rejected,disallowed_element,,,
libe-226181,rejected,not_closed_shell,,,
libe-226243,rejected,not_closed_shell,,,
libe-642176,rejected,not_closed_shell,,,
libe-115818,rejected,not_closed_shell,,,
libe-121554,accepted,,162.14100000000002,libe-121543,libe-121588
libe-510574,rejected,disallowed_element,,,
libe-517166,rejected,disallowed_element,,,
libe-515136,rejected,not_closed_shell,,,
libe-515399,rejected,not_closed_shell,,,
libe-521021,rejected,not_closed_shell,,,
libe-523865,rejected,not_closed_shell,,,
libe-526942,rejected,not_closed_shell,,,
libe-515782,rejected,disallowed_element,,,
libe-524389,rejected,disallowed_element,,,
libe-137980,rejected,not_closed_shell,,,
libe-138005,rejected,not_closed_shell,,,
libe-115833,accepted,,72.063,libe-117860,libe-117866
libe-119213,accepted,,72.063,libe-117605,libe-117610
libe-198494,accepted,,72.063,libe-199270,libe-198634
libe-198622,rejected,missing_cation_match,72.063,,
libe-198715,accepted,,72.063,libe-198716,libe-198703
libe-198762,rejected,missing_cation_match,72.063,,
libe-199232,rejected,missing_cation_match,72.063,,
libe-514940,rejected,missing_cation_match,72.063,,
libe-518867,rejected,missing_cation_match,72.063,,
libe-525750,accepted,,72.063,libe-525753,libe-525766
libe-536365,rejected,missing_cation_match,72.063,,
libe-226551,rejected,not_closed_shell,72.063,,
libe-226831,rejected,not_closed_shell,72.063,,
libe-640913,rejected,not_closed_shell,72.063,,
libe-640920,rejected,not_closed_shell,72.063,,
libe-640943,rejected,not_closed_shell,72.063,,
libe-640958,rejected,not_closed_shell,72.063,,
libe-640960,rejected,not_closed_shell,72.063,,
libe-640986,rejected,not_closed_shell,72.063,,
libe-641005,rejected,not_closed_shell,72.063,,
libe-641035,rejected,not_closed_shell,72.063,,
libe-118955,rejected,disallowed_element,,,
libe-118990,rejected,disallowed_element,,,
libe-209441,rejected,disallowed_element,,,
libe-520796,rejected,disallowed_element,,,
libe-522665,rejected,disallowed_element,,,
libe-640187,rejected,not_closed_shell,,,
libe-640214,rejected,not_closed_shell,,,
libe-640278,rejected,not_closed_shell,,,
libe-514645,rejected,disallowed_element,,,
libe-518921,rejected,disallowed_element,,,
libe-525737,rejected,disallowed_element,,,
libe-515089,rejected,not_closed_shell,,,
libe-515453,rejected,not_closed_shell,,,
libe-520431,rejected,not_closed_shell,,,
libe-534549,rejected,not_closed_shell,,,
libe-542280,rejected,not_closed_shell,,,
libe-140758,rejected,disallowed_element,,,
libe-140760,rejected,disallowed_element,,,
libe-140842,rejected,disallowed_element,,,
libe-140929,rejected,disallowed_element,,,
libe-140932,rejected,disallowed_element,,,
libe-140941,rejected,disallowed_element,,,
libe-141020,rejected,not_closed_shell,,,
libe-141489,rejected,not_closed_shell,,,
libe-121076,rejected,not_closed_shell,131.107,,
libe-121078,rejected,not_closed_shell,131.107,,
libe-121081,rejected,not_closed_shell,131.107,,
libe-121082,rejected,not_closed_shell,131.107,,
libe-121083,rejected,not_closed_shell,131.107,,
libe-121084,rejected,not_closed_shell,131.107,,
libe-121085,rejected,not_closed_shell,131.107,,
libe-121472,rejected,not_closed_shell,131.107,,
libe-132247,rejected,not_closed_shell,131.107,,
libe-115867,rejected,not_closed_shell,,,
libe-501758,rejected,disallowed_element,,,
libe-502112,rejected,disallowed_element,,,
libe-502192,rejected,disallowed_element,,,
libe-514582,rejected,not_closed_shell,,,
libe-514588,rejected,not_closed_shell,,,
libe-515428,rejected,not_closed_shell,,,
libe-515461,rejected,not_closed_shell,,,
libe-515636,rejected,not_closed_shell,,,
libe-520722,rejected,not_closed_shell,,,
libe-523629,rejected,not_closed_shell,,,
libe-525510,rejected,not_closed_shell,,,
libe-525971,rejected,not_closed_shell,,,
libe-528900,rejected,not_closed_shell,,,
libe-529401,rejected,not_closed_shell,,,
libe-539106,rejected,not_closed_shell,,,
libe-118663,rejected,disallowed_element,,,
libe-118716,rejected,disallowed_element,,,
libe-121121,rejected,disallowed_element,,,
libe-121167,rejected,disallowed_element,,,
libe-121197,rejected,disallowed_element,,,
libe-121198,rejected,disallowed_element,,,
libe-121202,rejected,disallowed_element,,,
libe-137735,rejected,disallowed_element,,,
libe-175802,rejected,disallowed_element,,,
libe-226379,rejected,not_closed_shell,,,
libe-226428,rejected,not_closed_shell,,,
libe-226458,rejected,not_closed_shell,,,
libe-226463,rejected,not_closed_shell,,,
libe-226471,rejected,not_closed_shell,,,
libe-641514,rejected,not_closed_shell,,,
libe-515363,rejected,disallowed_element,,,
libe-526721,rejected,disallowed_element,,,
libe-536315,rejected,disallowed_element,,,
libe-537158,rejected,disallowed_element,,,
libe-515495,rejected,disallowed_element,,,
libe-520681,rejected,disallowed_element,,,
libe-523039,rejected,disallowed_element,,,
libe-523290,rejected,disallowed_element,,,
libe-525005,rejected,disallowed_element,,,
libe-527182,rejected,disallowed_element,,,
libe-527995,rejected,disallowed_element,,,
libe-135877,rejected,not_closed_shell,,,
libe-136121,rejected,not_closed_shell,,,
libe-136940,rejected,not_closed_shell,,,
libe-117479,rejected,not_closed_shell,,,
libe-117480,rejected,not_closed_shell,,,
libe-117482,rejected,not_closed_shell,,,
libe-117483,rejected,not_closed_shell,,,
libe-119490,rejected,not_closed_shell,,,
libe-119503,rejected,not_closed_shell,,,
libe-119506,rejected,not_closed_shell,,,
libe-119522,rejected,not_closed_shell,,,
libe-119529,rejected,not_closed_shell,,,
libe-136988,rejected,not_closed_shell,,,
libe-203300,rejected,not_closed_shell,,,
libe-203317,rejected,not_closed_shell,,,
libe-203368,rejected,not_closed_shell,,,
libe-203392,rejected,not_closed_shell,,,
libe-510597,rejected,not_closed_shell,,,
libe-511034,rejected,not_closed_shell,,,
libe-511277,rejected,not_closed_shell,,,
libe-514548,rejected,not_closed_shell,,,
libe-514901,rejected,not_closed_shell,,,
libe-514974,rejected,not_closed_shell,,,
libe-515542,rejected,not_closed_shell,,,
libe-520745,rejected,not_closed_shell,,,
libe-524946,rejected,not_closed_shell,,,
libe-524979,rejected,not_closed_shell,,,
libe-528350,rejected,not_closed_shell,,,
libe-528961,rejected,not_closed_shell,,,
libe-539107,rejected,not_closed_shell,,,
libe-542110,rejected,not_closed_shell,,,
libe-121237,rejected,disallowed_element,,,
libe-116028,rejected,mass_out_of_range,30.025999999999996,,
libe-116037,rejected,mass_out_of_range,30.025999999999996,,
libe-224585,rejected,not_closed_shell,30.025999999999996,,
libe-224625,rejected,not_closed_shell,30.025999999999996,,
libe-117499,rejected,not_closed_shell,,,
libe-117501,rejected,not_closed_shell,,,
libe-117507,rejected,not_closed_shell,,,
libe-120556,rejected,not_closed_shell,,,
libe-120557,rejected,not_closed_shell,,,
libe-120581,rejected,not_closed_shell,,,
libe-186190,rejected,not_closed_shell,,,
libe-186985,rejected,not_closed_shell,,,
libe-136158,rejected,not_closed_shell,,,
libe-136163,rejected,not_closed_shell,,,
libe-136351,rejected,not_closed_shell,,,
libe-136420,rejected,not_closed_shell,,,
libe-137113,rejected,not_closed_shell,,,
libe-137223,rejected,not_closed_shell,,,
libe-140685,rejected,not_closed_shell,,,
libe-137281,rejected,not_closed_shell,,,
libe-176769,rejected,not_closed_shell,,,
libe-176804,rejected,not_closed_shell,,,
libe-176895,rejected,not_closed_shell,,,
libe-177063,rejected,not_closed_shell,,,
libe-177180,rejected,not_closed_shell,,,
libe-197838,rejected,not_closed_shell,,,
libe-198900,rejected,not_closed_shell,,,
libe-199473,rejected,not_closed_shell,,,
libe-223486,rejected,not_closed_shell,,,
libe-136120,rejected,disallowed_element,,,
libe-136143,rejected,disallowed_element,,,
libe-136148,rejected,disallowed_element,,,
libe-136350,rejected,disallowed_element,,,
libe-136380,rejected,disallowed_element,,,
libe-136391,rejected,disallowed_element,,,
libe-136649,rejected,disallowed_element,,,
libe-136665,rejected,disallowed_element,,,
libe-137150,rejected,disallowed_element,,,
libe-137171,rejected,disallowed_element,,,
libe-137177,rejected,disallowed_element,,,
libe-137200,rejected,disallowed_element,,,
libe-137210,rejected,disallowed_element,,,
libe-137247,rejected,disallowed_element,,,
libe-137283,rejected,disallowed_element,,,
libe-137475,rejected,disallowed_element,,,
libe-137672,rejected,disallowed_element,,,
libe-137686,rejected,disallowed_element,,,
libe-137832,rejected,disallowed_element,,,
libe-137865,rejected,disallowed_element,,,
libe-176884,rejected,disallowed_element,,,
libe-176916,rejected,disallowed_element,,,
libe-176921,rejected,disallowed_element,,,
libe-195164,rejected,disallowed_element,,,
libe-195166,rejected,disallowed_element,,,
libe-195177,rejected,disallowed_element,,,
libe-195182,rejected,disallowed_element,,,
libe-195192,rejected,disallowed_element,,,
libe-195242,rejected,disallowed_element,,,
libe-195318,rejected,disallowed_element,,,
libe-195382,rejected,disallowed_element,,,
libe-195407,rejected,disallowed_element,,,
libe-195416,rejected,disallowed_element,,,
libe-195503,rejected,disallowed_element,,,
libe-195572,rejected,disallowed_element,,,
libe-195626,rejected,disallowed_element,,,
libe-195713,rejected,disallowed_element,,,
libe-195727,rejected,disallowed_element,,,
libe-195751,rejected,disallowed_element,,,
libe-195963,rejected,disallowed_element,,,
libe-195996,rejected,disallowed_element,,,
libe-195999,rejected,disallowed_element,,,
libe-196013,rejected,disallowed_element,,,
libe-196163,rejected,disallowed_element,,,
libe-196274,rejected,disallowed_element,,,
libe-196339,rejected,disallowed_element,,,
libe-196909,rejected,disallowed_element,,,
libe-197182,rejected,disallowed_element,,,
libe-197186,rejected,disallowed_element,,,
libe-502202,rejected,disallowed_element,,,
libe-116032,rejected,not_closed_shell,41.029,,
libe-116042,rejected,not_closed_shell,41.028999999999996,,
libe-116044,rejected,not_closed_shell,41.029,,
libe-117224,rejected,not_closed_shell,,,
libe-117227,rejected,not_closed_shell,,,
libe-117230,rejected,not_closed_shell,,,
libe-117244,rejected,not_closed_shell,,,
libe-117248,rejected,not_closed_shell,,,
libe-117249,rejected,not_closed_shell,,,
libe-117254,rejected,not_closed_shell,,,
libe-120292,rejected,not_closed_shell,,,
libe-120316,rejected,not_closed_shell,,,
libe-135967,rejected,disallowed_element,,,
libe-136992,rejected,disallowed_element,,,
libe-137003,rejected,disallowed_element,,,
libe-179083,rejected,disallowed_element,,,
libe-179353,rejected,disallowed_element,,,
libe-195138,rejected,disallowed_element,,,
libe-641063,rejected,not_closed_shell,,,
libe-641082,rejected,not_closed_shell,,,
libe-641170,rejected,not_closed_shell,,,
libe-641200,rejected,not_closed_shell,,,
libe-501632,rejected,not_closed_shell,,,
libe-518994,rejected,not_closed_shell,,,
libe-526101,rejected,disallowed_element,,,
libe-529200,rejected,disallowed_element,,,
libe-511249,rejected,not_closed_shell,,,
libe-520965,rejected,not_closed_shell,,,
libe-501873,rejected,not_closed_shell,,,
libe-502091,rejected,not_closed_shell,,,
libe-136572,rejected,not_closed_shell,,,
libe-136608,rejected,not_closed_shell,,,
libe-136650,rejected,not_closed_shell,,,
libe-137951,rejected,not_closed_shell,,,
libe-137972,rejected,not_closed_shell,,,
libe-138042,rejected,not_closed_shell,,,
libe-199192,rejected,not_closed_shell,,,
libe-199382,rejected,not_closed_shell,,,
libe-199444,rejected,not_closed_shell,,,
libe-199458,rejected,not_closed_shell,,,
libe-199459,rejected,not_closed_shell,,,
libe-199540,rejected,not_closed_shell,,,
libe-501349,rejected,disallowed_element,,,
libe-120254,rejected,not_closed_shell,,,
libe-120281,rejected,not_closed_shell,,,
libe-120284,rejected,not_closed_shell,,,
libe-120307,rejected,not_closed_shell,,,
libe-120310,rejected,not_closed_shell,,,
libe-120373,rejected,not_closed_shell,,,
libe-120788,rejected,not_closed_shell,,,
libe-132362,rejected,not_closed_shell,,,
libe-517640,rejected,not_closed_shell,,,
libe-520560,rejected,not_closed_shell,,,
libe-522830,rejected,not_closed_shell,,,
libe-525803,rejected,not_closed_shell,,,
libe-528529,rejected,not_closed_shell,,,
libe-529240,rejected,not_closed_shell,,,
libe-138154,rejected,not_closed_shell,,,
libe-138157,rejected,not_closed_shell,,,
libe-138189,rejected,not_closed_shell,,,
libe-138207,rejected,not_closed_shell,,,
libe-115794,rejected,disallowed_element,,,
libe-115957,rejected,not_closed_shell,27.046,,
libe-115960,rejected,not_closed_shell,27.046,,
libe-510526,rejected,not_closed_shell,,,
libe-520488,rejected,not_closed_shell,,,
libe-524289,rejected,not_closed_shell,,,
libe-524391,rejected,not_closed_shell,,,
libe-527734,rejected,not_closed_shell,,,
libe-528396,rejected,not_closed_shell,,,
libe-536274,rejected,not_closed_shell,,,
libe-537004,rejected,not_closed_shell,,,
libe-180221,rejected,disallowed_element,,,
libe-115835,rejected,disallowed_element,,,
libe-115836,rejected,disallowed_element,,,
libe-118918,rejected,disallowed_element,,,
libe-118921,rejected,disallowed_element,,,
libe-118926,rejected,disallowed_element,,,
libe-118932,rejected,disallowed_element,,,
libe-118959,rejected,disallowed_element,,,
libe-118960,rejected,disallowed_element,,,
libe-118961,rejected,disallowed_element,,,
libe-118962,rejected,disallowed_element,,,
libe-118963,rejected,disallowed_element,,,
libe-118964,rejected,disallowed_element,,,
libe-638928,rejected,disallowed_element,,,
libe-118966,rejected,disallowed_element,,,
libe-118968,rejected,disallowed_element,,,
libe-118969,rejected,disallowed_element,,,
libe-118973,rejected,disallowed_element,,,
libe-118975,rejected,disallowed_element,,,
libe-118976,rejected,disallowed_element,,,
libe-118982,rejected,disallowed_element,,,
libe-118986,rejected,disallowed_element,,,
libe-118999,rejected,disallowed_element,,,
libe-119001,rejected,disallowed_element,,,
libe-140666,rejected,disallowed_element,,,
libe-193125,rejected,disallowed_element,,,
libe-193159,rejected,disallowed_element,,,
libe-193234,rejected,disallowed_element,,,
libe-193239,rejected,disallowed_element,,,
libe-193384,rejected,disallowed_element,,,
libe-193445,rejected,disallowed_element,,,
libe-193638,rejected,disallowed_element,,,
libe-193649,rejected,disallowed_element,,,
libe-198190,rejected,disallowed_element,,,
libe-198209,rejected,disallowed_element,,,
libe-198302,rejected,disallowed_element,,,
libe-198452,rejected,disallowed_element,,,
libe-198467,rejected,disallowed_element,,,
libe-198649,rejected,disallowed_element,,,
libe-198683,rejected,disallowed_element,,,
libe-199369,rejected,disallowed_element,,,
libe-199406,rejected,disallowed_element,,,
libe-639120,rejected,disallowed_element,,,
libe-642682,rejected,not_closed_shell,,,
libe-642698,rejected,not_closed_shell,,,
libe-642711,rejected,not_closed_shell,,,
libe-642717,rejected,not_closed_shell,,,
libe-642729,rejected,not_closed_shell,,,
libe-642730,rejected,not_closed_shell,,,
libe-642733,rejected,not_closed_shell,,,
libe-642747,rejected,not_closed_shell,,,
libe-642748,rejected,not_closed_shell,,,
libe-642749,rejected,not_closed_shell,,,
libe-642750,rejected,not_closed_shell,,,
libe-642757,rejected,not_closed_shell,,,
libe-642762,rejected,not_closed_shell,,,
libe-642764,rejected,not_closed_shell,,,
libe-642769,rejected,not_closed_shell,,,
libe-642772,rejected,not_closed_shell,,,
libe-642776,rejected,not_closed_shell,,,
libe-642779,rejected,not_closed_shell,,,
libe-642780,rejected,not_closed_shell,,,
libe-642783,rejected,not_closed_shell,,,
libe-642801,rejected,not_closed_shell,,,
libe-642816,rejected,not_closed_shell,,,
libe-642819,rejected,not_closed_shell,,,
libe-642821,rejected,not_closed_shell,,,
libe-642826,rejected,not_closed_shell,,,
libe-642834,rejected,not_closed_shell,,,
libe-642850,rejected,not_closed_shell,,,
libe-642870,rejected,not_closed_shell,,,
libe-642910,rejected,not_closed_shell,,,
libe-642958,rejected,not_closed_shell,,,
libe-643018,rejected,not_closed_shell,,,
libe-643140,rejected,not_closed_shell,,,
libe-137677,rejected,disallowed_element,,,
libe-207013,rejected,disallowed_element,,,
libe-137675,rejected,disallowed_element,,,
libe-141092,rejected,disallowed_element,,,
libe-207430,rejected,disallowed_element,,,
libe-225209,rejected,not_closed_shell,,,
libe-225215,rejected,not_closed_shell,,,
libe-639620,rejected,not_closed_shell,,,
libe-510579,rejected,disallowed_element,,,
libe-521202,rejected,disallowed_element,,,
libe-526953,rejected,disallowed_element,,,
libe-117463,rejected,not_closed_shell,61.059999999999995,,
libe-117464,rejected,not_closed_shell,61.059999999999995,,
libe-510465,rejected,disallowed_element,,,
libe-510613,rejected,disallowed_element,,,
libe-510930,rejected,disallowed_element,,,
libe-515267,rejected,disallowed_element,,,
libe-515417,rejected,disallowed_element,,,
libe-516529,rejected,disallowed_element,,,
libe-517574,rejected,disallowed_element,,,
libe-518981,rejected,disallowed_element,,,
libe-519016,rejected,disallowed_element,,,
libe-519263,rejected,disallowed_element,,,
libe-522971,rejected,disallowed_element,,,
libe-525705,rejected,disallowed_element,,,
libe-526952,rejected,disallowed_element,,,
libe-120610,rejected,not_closed_shell,,,
libe-120612,rejected,not_closed_shell,,,
libe-120615,rejected,not_closed_shell,,,
libe-120624,rejected,not_closed_shell,,,
libe-120630,rejected,not_closed_shell,,,
libe-120632,rejected,not_closed_shell,,,
libe-181137,rejected,not_closed_shell,,,
libe-137499,rejected,not_closed_shell,,,
libe-119722,rejected,not_closed_shell,85.08200000000001,,
libe-119725,rejected,not_closed_shell,85.08200000000001,,
libe-119728,rejected,not_closed_shell,85.08200000000001,,
libe-119733,rejected,not_closed_shell,85.08200000000001,,
libe-119735,rejected,not_closed_shell,85.08200000000001,,
libe-132429,rejected,not_closed_shell,85.08200000000001,,
libe-119741,rejected,not_closed_shell,85.08200000000001,,
libe-119742,rejected,not_closed_shell,85.08200000000001,,
libe-119743,rejected,not_closed_shell,85.08200000000001,,
libe-119744,rejected,not_closed_shell,85.08200000000001,,
libe-119745,rejected,not_closed_shell,85.08200000000001,,
libe-119747,rejected,not_closed_shell,85.08200000000001,,
libe-119748,rejected,not_closed_shell,85.08200000000001,,
libe-119750,rejected,not_closed_shell,85.08200000000001,,
libe-119751,rejected,not_closed_shell,85.08200000000001,,
libe-119752,rejected,not_closed_shell,85.08200000000001,,
libe-119753,rejected,not_closed_shell,85.08200000000001,,
libe-119756,rejected,not_closed_shell,85.08200000000001,,
libe-119757,rejected,not_closed_shell,85.08200000000001,,
libe-119758,rejected,not_closed_shell,85.08200000000001,,
libe-119760,rejected,not_closed_shell,85.08200000000001,,
libe-119762,rejected,not_closed_shell,85.08200000000001,,
libe-119763,rejected,not_closed_shell,85.08200000000001,,
libe-119765,rejected,not_closed_shell,85.08200000000001,,
libe-119766,rejected,not_closed_shell,85.08200000000001,,
libe-119768,rejected,not_closed_shell,85.08200000000001,,
libe-119770,rejected,not_closed_shell,85.08200000000001,,
libe-119781,rejected,not_closed_shell,85.08200000000001,,
libe-119796,rejected,not_closed_shell,85.08200000000001,,
libe-119799,rejected,not_closed_shell,85.08200000000001,,
libe-119814,rejected,not_closed_shell,85.08200000000001,,
libe-132442,rejected,not_closed_shell,85.08200000000001,,
libe-132473,rejected,not_closed_shell,85.08200000000001,,
libe-510382,rejected,not_closed_shell,85.08200000000001,,
libe-511272,rejected,not_closed_shell,85.08200000000001,,
libe-514539,rejected,not_closed_shell,85.08200000000001,,
libe-519486,rejected,not_closed_shell,85.08200000000001,,
libe-520397,rejected,not_closed_shell,85.08200000000001,,
libe-525730,rejected,not_closed_shell,85.08200000000001,,
libe-120514,rejected,disallowed_element,,,
libe-120516,rejected,disallowed_element,,,
libe-120519,rejected,disallowed_element,,,
libe-120522,rejected,disallowed_element,,,
libe-120531,rejected,disallowed_element,,,
libe-120538,rejected,disallowed_element,,,
libe-639054,rejected,disallowed_element,,,
libe-631427,rejected,disallowed_element,,,
libe-639777,rejected,not_closed_shell,,,
libe-639793,rejected,not_closed_shell,,,
libe-639801,rejected,not_closed_shell,,,
libe-639872,rejected,not_closed_shell,,,
libe-640087,rejected,not_closed_shell,,,
libe-137557,rejected,disallowed_element,,,
libe-137627,rejected,disallowed_element,,,
libe-136070,rejected,not_closed_shell,,,
libe-136085,rejected,not_closed_shell,,,
libe-136362,rejected,not_closed_shell,,,
libe-136369,rejected,not_closed_shell,,,
libe-136375,rejected,not_closed_shell,,,
libe-136476,rejected,not_closed_shell,,,
libe-136487,rejected,not_closed_shell,,,
libe-136638,rejected,not_closed_shell,,,
libe-137162,rejected,not_closed_shell,,,
libe-137164,rejected,not_closed_shell,,,
libe-137172,rejected,not_closed_shell,,,
libe-137218,rejected,not_closed_shell,,,
libe-137255,rejected,not_closed_shell,,,
libe-137671,rejected,not_closed_shell,,,
libe-137805,rejected,not_closed_shell,,,
libe-176870,rejected,not_closed_shell,,,
libe-176917,rejected,not_closed_shell,,,
libe-188384,rejected,not_closed_shell,,,
libe-188421,rejected,not_closed_shell,,,
libe-188426,rejected,not_closed_shell,,,
libe-188602,rejected,not_closed_shell,,,
libe-188649,rejected,not_closed_shell,,,
libe-190083,rejected,not_closed_shell,,,
libe-190403,rejected,not_closed_shell,,,
libe-191805,rejected,not_closed_shell,,,
libe-192109,rejected,not_closed_shell,,,
libe-192298,rejected,not_closed_shell,,,
libe-545751,rejected,disallowed_element,,,
libe-527088,rejected,not_closed_shell,,,
libe-519106,rejected,not_closed_shell,,,
libe-514672,rejected,not_closed_shell,,,
libe-502113,rejected,not_closed_shell,,,
libe-502415,rejected,not_closed_shell,,,
libe-121558,rejected,not_closed_shell,149.078,,
libe-121560,rejected,not_closed_shell,149.078,,
libe-497494,rejected,not_closed_shell,,,
libe-509697,rejected,not_closed_shell,,,
libe-451382,rejected,disallowed_element,,,
libe-475055,rejected,disallowed_element,,,
libe-120768,rejected,not_closed_shell,,,
libe-120770,rejected,not_closed_shell,,,
libe-120771,rejected,not_closed_shell,,,
libe-631248,rejected,disallowed_element,,,
libe-631308,rejected,disallowed_element,,,
libe-631320,rejected,disallowed_element,,,
libe-631322,rejected,disallowed_element,,,
libe-631333,rejected,disallowed_element,,,
libe-631345,rejected,disallowed_element,,,
libe-631352,rejected,disallowed_element,,,
libe-631357,rejected,disallowed_element,,,
libe-631370,rejected,disallowed_element,,,
libe-631399,rejected,disallowed_element,,,
libe-631400,rejected,disallowed_element,,,
libe-631409,rejected,disallowed_element,,,
libe-631413,rejected,disallowed_element,,,
libe-631471,rejected,disallowed_element,,,
libe-631499,rejected,disallowed_element,,,
libe-631535,rejected,disallowed_element,,,
libe-631586,rejected,disallowed_element,,,
libe-631594,rejected,disallowed_element,,,
libe-631642,rejected,disallowed_element,,,
libe-631676,rejected,disallowed_element,,,
libe-631687,rejected,disallowed_element,,,
libe-631753,rejected,disallowed_element,,,
libe-631834,rejected,disallowed_element,,,
libe-631844,rejected,disallowed_element,,,
libe-631846,rejected,disallowed_element,,,
libe-631861,rejected,disallowed_element,,,
libe-631953,rejected,disallowed_element,,,
libe-631955,rejected,disallowed_element,,,
libe-631966,rejected,disallowed_element,,,
libe-631998,rejected,disallowed_element,,,
libe-632040,rejected,disallowed_element,,,
libe-632050,rejected,disallowed_element,,,
libe-632066,rejected,disallowed_element,,,
libe-632101,rejected,disallowed_element,,,
libe-632127,rejected,disallowed_element,,,
libe-632128,rejected,disallowed_element,,,
libe-632134,rejected,disallowed_element,,,
libe-632137,rejected,disallowed_element,,,
libe-632138,rejected,disallowed_element,,,
libe-632140,rejected,disallowed_element,,,
libe-632157,rejected,disallowed_element,,,
libe-632166,rejected,disallowed_element,,,
libe-632172,rejected,disallowed_element,,,
libe-632183,rejected,disallowed_element,,,
libe-632186,rejected,disallowed_element,,,
libe-632209,rejected,disallowed_element,,,
libe-632239,rejected,disallowed_element,,,
libe-632254,rejected,disallowed_element,,,
libe-632307,rejected,disallowed_element,,,
libe-632312,rejected,disallowed_element,,,
libe-632320,rejected,disallowed_element,,,
libe-632327,rejected,disallowed_element,,,
libe-632337,rejected,disallowed_element,,,
libe-632345,rejected,disallowed_element,,,
libe-632412,rejected,disallowed_element,,,
libe-632418,rejected,disallowed_element,,,
libe-632454,rejected,disallowed_element,,,
libe-632464,rejected,disallowed_element,,,
libe-632470,rejected,disallowed_element,,,
libe-632474,rejected,disallowed_element,,,
libe-632564,rejected,disallowed_element,,,
libe-497590,rejected,not_closed_shell,,,
libe-185427,accepted,,104.10499999999999,libe-186936,libe-186748
libe-120115,rejected,not_closed_shell,,,
libe-120116,rejected,not_closed_shell,,,
libe-120117,rejected,not_closed_shell,,,
libe-120118,rejected,not_closed_shell,,,
libe-120120,rejected,not_closed_shell,,,
libe-120128,rejected,not_closed_shell,,,
libe-120130,rejected,not_closed_shell,,,
libe-497369,rejected,not_closed_shell,,,
libe-502246,rejected,not_closed_shell,,,
libe-519294,rejected,disallowed_element,,,
libe-641073,rejected,not_closed_shell,,,
libe-118462,rejected,disallowed_element,,,
libe-118465,rejected,disallowed_element,,,
libe-118466,rejected,disallowed_element,,,
libe-118467,rejected,disallowed_element,,,
libe-118468,rejected,disallowed_element,,,
libe-118469,rejected,disallowed_element,,,
libe-118473,rejected,disallowed_element,,,
libe-118477,rejected,disallowed_element,,,
libe-118479,rejected,disallowed_element,,,
libe-118480,rejected,disallowed_element,,,
libe-639085,rejected,disallowed_element,,,
libe-118484,rejected,disallowed_element,,,
libe-118492,rejected,disallowed_element,,,
libe-118493,rejected,disallowed_element,,,
libe-118498,rejected,disallowed_element,,,
libe-118501,rejected,disallowed_element,,,
libe-639046,rejected,disallowed_element,,,
libe-118505,rejected,disallowed_element,,,
libe-118513,rejected,disallowed_element,,,
libe-639041,rejected,disallowed_element,,,
libe-118524,rejected,disallowed_element,,,
libe-119326,rejected,disallowed_element,,,
libe-119331,rejected,disallowed_element,,,
libe-119343,rejected,disallowed_element,,,
libe-119344,rejected,disallowed_element,,,
libe-639080,rejected,disallowed_element,,,
libe-639141,rejected,disallowed_element,,,
libe-641688,rejected,not_closed_shell,,,
libe-641693,rejected,not_closed_shell,,,
libe-641698,rejected,not_closed_shell,,,
libe-641699,rejected,not_closed_shell,,,
libe-641700,rejected,not_closed_shell,,,
libe-641701,rejected,not_closed_shell,,,
libe-641704,rejected,not_closed_shell,,,
libe-641718,rejected,not_closed_shell,,,
libe-641735,rejected,not_closed_shell,,,
libe-641748,rejected,not_closed_shell,,,
libe-641751,rejected,not_closed_shell,,,
libe-641758,rejected,not_closed_shell,,,
libe-641767,rejected,not_closed_shell,,,
libe-641782,rejected,not_closed_shell,,,
libe-641849,rejected,not_closed_shell,,,
libe-641854,rejected,not_closed_shell,,,
libe-641860,rejected,not_closed_shell,,,
libe-641901,rejected,not_closed_shell,,,
libe-641930,rejected,not_closed_shell,,,
libe-641942,rejected,not_closed_shell,,,
libe-642045,rejected,not_closed_shell,,,
libe-642224,rejected,not_closed_shell,,,
libe-642455,rejected,not_closed_shell,,,
libe-642472,rejected,not_closed_shell,,,
libe-642640,rejected,not_closed_shell,,,
libe-136265,rejected,not_closed_shell,,,
libe-136933,rejected,not_closed_shell,,,
libe-117019,rejected,not_closed_shell,57.072,,
libe-117023,rejected,not_closed_shell,57.072,,
libe-117027,rejected,not_closed_shell,57.072,,
libe-117034,rejected,not_closed_shell,57.072,,
libe-117035,rejected,not_closed_shell,57.072,,
libe-117037,rejected,not_closed_shell,57.072,,
libe-183312,rejected,not_closed_shell,57.072,,
libe-518861,rejected,not_closed_shell,57.072,,
libe-528056,rejected,not_closed_shell,57.072,,
libe-121697,rejected,not_closed_shell,,,
libe-631878,rejected,not_closed_shell,,,
libe-631959,rejected,not_closed_shell,,,
libe-631986,rejected,not_closed_shell,,,
libe-632007,rejected,not_closed_shell,,,
libe-632037,rejected,not_closed_shell,,,
libe-632047,rejected,not_closed_shell,,,
libe-632076,rejected,not_closed_shell,,,
libe-632103,rejected,not_closed_shell,,,
libe-632108,rejected,not_closed_shell,,,
libe-632117,rejected,not_closed_shell,,,
libe-632184,rejected,not_closed_shell,,,
libe-632188,rejected,not_closed_shell,,,
libe-632284,rejected,not_closed_shell,,,
libe-632480,rejected,not_closed_shell,,,
libe-137388,rejected,not_closed_shell,,,
libe-115780,rejected,not_closed_shell,,,
libe-115781,rejected,not_closed_shell,,,
libe-115782,rejected,not_closed_shell,,,
libe-120457,rejected,not_closed_shell,,,
libe-120473,rejected,not_closed_shell,,,
libe-121129,rejected,not_closed_shell,,,
libe-121132,rejected,not_closed_shell,,,
libe-121133,rejected,not_closed_shell,,,
libe-121134,rejected,not_closed_shell,,,
libe-121135,rejected,not_closed_shell,,,
libe-121137,rejected,not_closed_shell,,,
libe-121140,rejected,not_closed_shell,,,
libe-121141,rejected,not_closed_shell,,,
libe-121144,rejected,not_closed_shell,,,
libe-121147,rejected,not_closed_shell,,,
libe-121155,rejected,not_closed_shell,,,
libe-121674,rejected,not_closed_shell,,,
libe-182997,rejected,not_closed_shell,,,
libe-183004,rejected,not_closed_shell,,,
libe-183130,rejected,not_closed_shell,,,
libe-183179,rejected,not_closed_shell,,,
libe-183245,rejected,not_closed_shell,,,
libe-201590,rejected,not_closed_shell,,,
libe-202098,rejected,not_closed_shell,,,
libe-202292,rejected,not_closed_shell,,,
libe-631635,rejected,not_closed_shell,,,
libe-631667,rejected,not_closed_shell,,,
libe-631933,rejected,not_closed_shell,,,
libe-515667,rejected,disallowed_element,,,
libe-520742,rejected,not_closed_shell,,,
libe-121681,rejected,disallowed_element,,,
libe-121683,rejected,disallowed_element,,,
libe-136324,rejected,disallowed_element,,,
libe-135796,rejected,disallowed_element,,,
libe-224552,rejected,not_closed_shell,,,
libe-141561,rejected,disallowed_element,,,
libe-459996,rejected,disallowed_element,,,
libe-521850,rejected,not_closed_shell,,,
libe-115931,rejected,not_closed_shell,25.029999999999998,,
libe-141103,rejected,not_closed_shell,,,
libe-141139,rejected,not_closed_shell,,,
libe-141228,rejected,not_closed_shell,,,
libe-141294,rejected,not_closed_shell,,,
libe-141353,rejected,not_closed_shell,,,
libe-141359,rejected,not_closed_shell,,,
libe-141372,rejected,not_closed_shell,,,
libe-141458,rejected,not_closed_shell,,,
libe-141470,rejected,not_closed_shell,,,
libe-141479,rejected,not_closed_shell,,,
libe-141647,rejected,not_closed_shell,,,
libe-390675,rejected,not_closed_shell,,,
libe-391273,rejected,not_closed_shell,,,
libe-399243,rejected,not_closed_shell,,,
libe-401936,rejected,not_closed_shell,,,
libe-136084,rejected,not_closed_shell,,,
libe-136483,rejected,not_closed_shell,,,
libe-136532,rejected,not_closed_shell,,,
libe-137160,rejected,not_closed_shell,,,
libe-121669,rejected,disallowed_element,,,
libe-514460,rejected,not_closed_shell,,,
libe-514634,rejected,not_closed_shell,,,
libe-517361,rejected,not_closed_shell,,,
libe-519845,rejected,not_closed_shell,,,
libe-519900,rejected,not_closed_shell,,,
libe-118502,rejected,disallowed_element,,,
libe-118509,rejected,disallowed_element,,,
libe-118520,rejected,disallowed_element,,,
libe-119380,rejected,disallowed_element,,,
libe-119382,rejected,disallowed_element,,,
libe-119429,rejected,disallowed_element,,,
libe-640503,rejected,not_closed_shell,,,
libe-640507,rejected,not_closed_shell,,,
libe-640574,rejected,not_closed_shell,,,
libe-640592,rejected,not_closed_shell,,,
libe-640634,rejected,not_closed_shell,,,
libe-640977,rejected,not_closed_shell,,,
libe-117814,rejected,not_closed_shell,,,
libe-117815,rejected,not_closed_shell,,,
libe-136950,rejected,not_closed_shell,,,
libe-118584,rejected,not_closed_shell,,,
libe-118590,rejected,not_closed_shell,,,
libe-208521,rejected,not_closed_shell,,,
libe-119072,rejected,not_closed_shell,,,
libe-119087,rejected,not_closed_shell,,,
libe-119610,rejected,not_closed_shell,,,
libe-119613,rejected,not_closed_shell,,,
libe-119631,rejected,not_closed_shell,,,
libe-119637,rejected,not_closed_shell,,,
libe-119641,rejected,not_closed_shell,,,
libe-119642,rejected,not_closed_shell,,,
libe-137289,rejected,not_closed_shell,,,
libe-137324,rejected,not_closed_shell,,,
libe-201672,rejected,not_closed_shell,,,
libe-517320,rejected,not_closed_shell,,,
libe-518911,rejected,not_closed_shell,,,
libe-520925,rejected,not_closed_shell,,,
libe-523561,rejected,not_closed_shell,,,
libe-525748,rejected,not_closed_shell,,,
libe-527059,rejected,not_closed_shell,,,
libe-511050,rejected,disallowed_element,,,
libe-518989,rejected,disallowed_element,,,
libe-643097,rejected,not_closed_shell,,,
libe-518863,rejected,not_closed_shell,,,
libe-545696,rejected,disallowed_element,,,
libe-642031,rejected,not_closed_shell,,,
libe-118086,rejected,missing_cation_match,118.088,,
libe-497576,rejected,not_closed_shell,74.077,,
libe-137633,rejected,disallowed_element,,,
libe-138196,rejected,disallowed_element,,,
libe-501734,rejected,disallowed_element,,,
libe-501447,rejected,not_closed_shell,,,
libe-501944,rejected,not_closed_shell,,,
libe-116097,rejected,not_closed_shell,,,
libe-120963,rejected,not_closed_shell,,,
libe-120966,rejected,not_closed_shell,,,
libe-121720,rejected,not_closed_shell,,,
libe-121723,rejected,not_closed_shell,,,
libe-199446,rejected,not_closed_shell,,,
libe-631205,rejected,not_closed_shell,,,
libe-631215,rejected,not_closed_shell,,,
libe-634028,rejected,not_closed_shell,,,
libe-634029,rejected,not_closed_shell,,,
libe-116816,rejected,not_closed_shell,,,
libe-116087,rejected,not_closed_shell,,,
libe-117443,rejected,not_closed_shell,59.044,,
libe-117445,rejected,not_closed_shell,59.044,,
libe-117446,rejected,not_closed_shell,59.044,,
libe-117452,rejected,not_closed_shell,59.044,,
libe-117454,rejected,not_closed_shell,59.044,,
libe-207831,rejected,not_closed_shell,59.044,,
libe-210226,rejected,not_closed_shell,59.044,,
libe-121091,rejected,not_closed_shell,,,
libe-173942,rejected,not_closed_shell,,,
libe-173950,rejected,not_closed_shell,,,
libe-173960,rejected,not_closed_shell,,,
libe-174781,rejected,not_closed_shell,,,
libe-174822,rejected,not_closed_shell,,,
libe-174861,rejected,not_closed_shell,,,
libe-174867,rejected,not_closed_shell,,,
libe-174952,rejected,not_closed_shell,,,
libe-174974,rejected,not_closed_shell,,,
libe-175210,rejected,not_closed_shell,,,
libe-175221,rejected,not_closed_shell,,,
libe-221674,rejected,not_closed_shell,,,
libe-631252,rejected,not_closed_shell,,,
libe-631264,rejected,not_closed_shell,,,
libe-631288,rejected,not_closed_shell,,,
libe-631290,rejected,not_closed_shell,,,
libe-631325,rejected,not_closed_shell,,,
libe-631346,rejected,not_closed_shell,,,
libe-631647,rejected,not_closed_shell,,,
libe-631821,rejected,not_closed_shell,,,
libe-631900,rejected,not_closed_shell,,,
libe-631957,rejected,not_closed_shell,,,
libe-631988,rejected,not_closed_shell,,,
libe-136747,rejected,disallowed_element,,,
libe-136753,rejected,disallowed_element,,,
libe-516697,rejected,not_closed_shell,,,
libe-501310,rejected,not_closed_shell,,,
libe-118580,rejected,disallowed_element,,,
libe-182827,rejected,disallowed_element,,,
libe-224725,rejected,not_closed_shell,,,
libe-641319,rejected,not_closed_shell,,,
libe-137120,rejected,disallowed_element,,,
libe-137262,rejected,disallowed_element,,,
libe-180232,rejected,disallowed_element,,,
libe-180543,rejected,disallowed_element,,,
libe-180707,rejected,disallowed_element,,,
libe-117291,rejected,not_closed_shell,,,
libe-117293,rejected,not_closed_shell,,,
libe-117295,rejected,not_closed_shell,,,
libe-117297,rejected,not_closed_shell,,,
libe-117299,rejected,not_closed_shell,,,
libe-117301,rejected,not_closed_shell,,,
libe-117302,rejected,not_closed_shell,,,
libe-117306,rejected,not_closed_shell,,,
libe-117319,rejected,not_closed_shell,,,
libe-117320,rejected,not_closed_shell,,,
libe-117327,rejected,not_closed_shell,,,
libe-117336,rejected,not_closed_shell,,,
libe-117347,rejected,not_closed_shell,,,
libe-502780,rejected,disallowed_element,,,
libe-136220,rejected,disallowed_element,,,
libe-224862,rejected,not_closed_shell,,,
libe-120709,rejected,disallowed_element,,,
libe-137403,rejected,disallowed_element,,,
libe-501288,rejected,disallowed_element,,,
libe-511212,rejected,disallowed_element,,,
libe-514835,rejected,disallowed_element,,,
libe-545144,rejected,not_closed_shell,,,
libe-116138,rejected,not_closed_shell,,,
libe-116146,rejected,not_closed_shell,,,
libe-502143,rejected,disallowed_element,,,
libe-132045,rejected,not_closed_shell,,,
libe-132049,rejected,not_closed_shell,,,
libe-132050,rejected,not_closed_shell,,,
libe-132054,rejected,not_closed_shell,,,
libe-132056,rejected,not_closed_shell,,,
libe-132062,rejected,not_closed_shell,,,
libe-132064,rejected,not_closed_shell,,,
libe-132077,rejected,not_closed_shell,,,
libe-141052,rejected,not_closed_shell,,,
libe-141191,rejected,not_closed_shell,,,
libe-141395,rejected,not_closed_shell,,,
libe-141413,rejected,not_closed_shell,,,
libe-141464,rejected,not_closed_shell,,,
libe-141487,rejected,not_closed_shell,,,
libe-141572,rejected,not_closed_shell,,,
libe-141609,rejected,not_closed_shell,,,
libe-425665,rejected,not_closed_shell,,,
libe-428882,rejected,not_closed_shell,,,
libe-430008,rejected,not_closed_shell,,,
libe-433256,rejected,not_closed_shell,,,
libe-443894,rejected,not_closed_shell,,,
libe-447189,rejected,not_closed_shell,,,
libe-141634,rejected,disallowed_element,,,
libe-497396,rejected,disallowed_element,,,
libe-640618,rejected,not_closed_shell,,,
libe-116291,rejected,mass_out_of_range,50.059999999999995,,
libe-116292,rejected,mass_out_of_range,50.059999999999995,,
libe-116298,rejected,mass_out_of_range,50.059999999999995,,
libe-116302,rejected,mass_out_of_range,50.059999999999995,,
libe-116303,rejected,mass_out_of_range,50.059999999999995,,
libe-116304,rejected,mass_out_of_range,50.059999999999995,,
libe-224896,rejected,not_closed_shell,50.059999999999995,,
libe-224901,rejected,not_closed_shell,50.059999999999995,,
libe-224908,rejected,not_closed_shell,50.059999999999995,,
libe-224915,rejected,not_closed_shell,50.059999999999995,,
libe-224920,rejected,not_closed_shell,50.059999999999995,,
libe-518914,rejected,disallowed_element,,,
libe-521772,rejected,disallowed_element,,,
libe-641141,rejected,not_closed_shell,,,
libe-116736,rejected,mass_out_of_range,58.080000000000005,,
libe-636449,rejected,mass_out_of_range,58.080000000000005,,
libe-225576,rejected,not_closed_shell,58.080000000000005,,
libe-135887,rejected,not_closed_shell,,,
libe-135889,rejected,not_closed_shell,,,
libe-137408,rejected,not_closed_shell,,,
libe-137410,rejected,not_closed_shell,,,
libe-137535,rejected,not_closed_shell,,,
libe-204684,rejected,not_closed_shell,,,
libe-204694,rejected,not_closed_shell,,,
libe-204750,rejected,not_closed_shell,,,
libe-204943,rejected,not_closed_shell,,,
libe-205113,rejected,not_closed_shell,,,
libe-205209,rejected,not_closed_shell,,,
libe-205685,rejected,not_closed_shell,,,
libe-545339,rejected,disallowed_element,,,
libe-545578,rejected,disallowed_element,,,
libe-117655,rejected,not_closed_shell,,,
libe-117665,rejected,not_closed_shell,,,
libe-120255,rejected,not_closed_shell,,,
libe-120276,rejected,not_closed_shell,,,
libe-136971,rejected,not_closed_shell,,,
libe-136976,rejected,not_closed_shell,,,
libe-502238,rejected,disallowed_element,,,
libe-502250,rejected,disallowed_element,,,
libe-502529,rejected,disallowed_element,,,
libe-517496,rejected,not_closed_shell,,,
libe-521809,rejected,not_closed_shell,,,
libe-524454,rejected,not_closed_shell,,,
libe-527047,rejected,not_closed_shell,,,
libe-115848,rejected,disallowed_element,,,
libe-115852,rejected,disallowed_element,,,
libe-119574,rejected,disallowed_element,,,
libe-119576,rejected,disallowed_element,,,
libe-119595,rejected,disallowed_element,,,
libe-119603,rejected,disallowed_element,,,
libe-119608,rejected,disallowed_element,,,
libe-119650,rejected,disallowed_element,,,
libe-119651,rejected,disallowed_element,,,
libe-119652,rejected,disallowed_element,,,
libe-119657,rejected,disallowed_element,,,
libe-119658,rejected,disallowed_element,,,
libe-119667,rejected,disallowed_element,,,
libe-119669,rejected,disallowed_element,,,
libe-119678,rejected,disallowed_element,,,
libe-119679,rejected,disallowed_element,,,
libe-119686,rejected,disallowed_element,,,
libe-175954,rejected,disallowed_element,,,
libe-175974,rejected,disallowed_element,,,
libe-175997,rejected,disallowed_element,,,
libe-176501,rejected,disallowed_element,,,
libe-641657,rejected,not_closed_shell,,,
libe-641666,rejected,not_closed_shell,,,
libe-641680,rejected,not_closed_shell,,,
libe-641681,rejected,not_closed_shell,,,
libe-641684,rejected,not_closed_shell,,,
libe-641685,rejected,not_closed_shell,,,
libe-641692,rejected,not_closed_shell,,,
libe-641696,rejected,not_closed_shell,,,
libe-641702,rejected,not_closed_shell,,,
libe-641714,rejected,not_closed_shell,,,
libe-641730,rejected,not_closed_shell,,,
libe-641733,rejected,not_closed_shell,,,
libe-641788,rejected,not_closed_shell,,,
libe-641813,rejected,not_closed_shell,,,
libe-641864,rejected,not_closed_shell,,,
libe-641870,rejected,not_closed_shell,,,
libe-641876,rejected,not_closed_shell,,,
libe-642009,rejected,not_closed_shell,,,
libe-529248,rejected,not_closed_shell,,,
libe-511219,rejected,not_closed_shell,,,
libe-542380,rejected,not_closed_shell,,,
libe-631247,rejected,not_closed_shell,,,
libe-631280,rejected,not_closed_shell,,,
libe-115770,rejected,disallowed_element,,,
libe-119421,rejected,disallowed_element,,,
libe-637183,rejected,disallowed_element,,,
libe-225771,rejected,not_closed_shell,,,
libe-226084,rejected,not_closed_shell,,,
libe-115783,rejected,disallowed_element,,,
libe-120743,rejected,disallowed_element,,,
libe-121230,rejected,disallowed_element,,,
libe-121239,rejected,disallowed_element,,,
libe-121240,rejected,disallowed_element,,,
libe-121677,rejected,disallowed_element,,,
libe-631504,rejected,disallowed_element,,,
libe-631517,rejected,disallowed_element,,,
libe-631528,rejected,disallowed_element,,,
libe-631536,rejected,disallowed_element,,,
libe-631539,rejected,disallowed_element,,,
libe-631545,rejected,disallowed_element,,,
libe-631547,rejected,disallowed_element,,,
libe-631571,rejected,disallowed_element,,,
libe-631574,rejected,disallowed_element,,,
libe-631823,rejected,disallowed_element,,,
libe-631856,rejected,disallowed_element,,,
libe-631859,rejected,disallowed_element,,,
libe-634038,rejected,disallowed_element,,,
libe-639219,rejected,missing_anion_match,76.069,libe-497553,
libe-640191,rejected,not_closed_shell,76.069,,
libe-497688,rejected,not_closed_shell,,,
libe-524589,rejected,not_closed_shell,,,
libe-497561,rejected,disallowed_element,,,
libe-642688,rejected,not_closed_shell,,,
libe-173718,rejected,not_closed_shell,,,
libe-138106,rejected,not_closed_shell,,,
libe-116007,rejected,mass_out_of_range,15.999,,
libe-140748,rejected,disallowed_element,,,
libe-140752,rejected,disallowed_element,,,
libe-140755,rejected,disallowed_element,,,
libe-140809,rejected,disallowed_element,,,
libe-140814,rejected,disallowed_element,,,
libe-140882,rejected,disallowed_element,,,
libe-141017,rejected,disallowed_element,,,
libe-141048,rejected,disallowed_element,,,
libe-638569,rejected,disallowed_element,,,
libe-118510,rejected,disallowed_element,,,
libe-119376,rejected,disallowed_element,,,
libe-640760,rejected,not_closed_shell,,,
libe-640952,rejected,not_closed_shell,,,
libe-641059,rejected,not_closed_shell,,,
libe-137374,rejected,not_closed_shell,,,
libe-545170,rejected,not_closed_shell,,,
libe-517080,rejected,disallowed_element,,,
libe-520492,rejected,disallowed_element,,,
libe-520584,rejected,disallowed_element,,,
libe-522588,rejected,disallowed_element,,,
libe-115829,rejected,disallowed_element,,,
libe-225503,rejected,not_closed_shell,,,
libe-115946,rejected,not_closed_shell,15.035,,
libe-137020,rejected,not_closed_shell,,,
libe-140642,rejected,not_closed_shell,,,
libe-137145,rejected,not_closed_shell,,,
libe-179131,rejected,not_closed_shell,,,
libe-179747,rejected,not_closed_shell,,,
libe-119444,rejected,disallowed_element,,,
libe-119449,rejected,disallowed_element,,,
libe-136964,rejected,disallowed_element,,,
libe-119451,rejected,disallowed_element,,,
libe-119471,rejected,disallowed_element,,,
libe-119534,rejected,disallowed_element,,,
libe-119544,rejected,disallowed_element,,,
libe-119556,rejected,disallowed_element,,,
libe-119558,rejected,disallowed_element,,,
libe-119565,rejected,disallowed_element,,,
libe-226820,rejected,not_closed_shell,,,
libe-226822,rejected,not_closed_shell,,,
libe-226836,rejected,not_closed_shell,,,
libe-226841,rejected,not_closed_shell,,,
libe-226849,rejected,not_closed_shell,,,
libe-226853,rejected,not_closed_shell,,,
libe-226867,rejected,not_closed_shell,,,
libe-226884,rejected,not_closed_shell,,,
libe-227223,rejected,not_closed_shell,,,
libe-639718,rejected,not_closed_shell,,,
libe-631765,rejected,disallowed_element,,,
libe-631840,rejected,disallowed_element,,,
libe-631845,rejected,disallowed_element,,,
libe-631920,rejected,disallowed_element,,,
libe-631947,rejected,disallowed_element,,,
libe-631960,rejected,disallowed_element,,,
libe-631968,rejected,disallowed_element,,,
libe-632061,rejected,disallowed_element,,,
libe-545587,rejected,not_closed_shell,,,
libe-515378,rejected,disallowed_element,,,
libe-520262,rejected,disallowed_element,,,
libe-524387,rejected,disallowed_element,,,
libe-528095,rejected,disallowed_element,,,
libe-528990,rejected,disallowed_element,,,
libe-534688,rejected,disallowed_element,,,
libe-116091,rejected,mass_out_of_range,44.053,,
libe-116103,rejected,mass_out_of_range,44.053,,
libe-182500,rejected,mass_out_of_range,44.053,,
libe-510450,rejected,mass_out_of_range,44.053,,
libe-516753,rejected,mass_out_of_range,44.053,,
libe-224772,rejected,not_closed_shell,44.053,,
libe-224784,rejected,not_closed_shell,44.053,,
libe-640142,rejected,not_closed_shell,44.053,,
libe-640289,rejected,not_closed_shell,44.053,,
libe-519379,rejected,disallowed_element,,,
libe-520288,rejected,disallowed_element,,,
libe-520464,rejected,disallowed_element,,,
libe-520630,rejected,disallowed_element,,,
libe-522358,rejected,disallowed_element,,,
libe-523955,rejected,disallowed_element,,,
libe-526843,rejected,disallowed_element,,,
libe-536386,rejected,disallowed_element,,,
libe-524948,rejected,not_closed_shell,,,
libe-545349,rejected,disallowed_element,,,
libe-545375,rejected,disallowed_element,,,
libe-515333,rejected,not_closed_shell,,,
libe-520620,rejected,not_closed_shell,,,
libe-524319,rejected,not_closed_shell,,,
libe-527294,rejected,not_closed_shell,,,
libe-528534,rejected,not_closed_shell,,,
libe-535231,rejected,not_closed_shell,,,
libe-121410,rejected,not_closed_shell,99.109,,
libe-121414,rejected,not_closed_shell,99.109,,
libe-525694,rejected,not_closed_shell,,,
libe-528491,rejected,not_closed_shell,,,
libe-118544,rejected,not_closed_shell,,,
libe-117890,rejected,disallowed_element,,,
libe-117914,rejected,disallowed_element,,,
libe-117925,rejected,disallowed_element,,,
libe-117940,rejected,disallowed_element,,,
libe-119002,rejected,disallowed_element,,,
libe-119005,rejected,disallowed_element,,,
libe-119008,rejected,disallowed_element,,,
libe-119010,rejected,disallowed_element,,,
libe-119014,rejected,disallowed_element,,,
libe-119016,rejected,disallowed_element,,,
libe-119018,rejected,disallowed_element,,,
libe-192462,rejected,disallowed_element,,,
libe-120302,rejected,not_closed_shell,,,
libe-516804,rejected,not_closed_shell,,,
libe-528244,rejected,not_closed_shell,,,
libe-535065,rejected,not_closed_shell,,,
libe-542104,rejected,not_closed_shell,,,
libe-542621,rejected,not_closed_shell,,,
libe-137619,rejected,not_closed_shell,,,
libe-501759,rejected,not_closed_shell,,,
libe-117893,rejected,disallowed_element,,,
libe-117894,rejected,disallowed_element,,,
libe-117916,rejected,disallowed_element,,,
libe-120676,rejected,disallowed_element,,,
libe-120688,rejected,disallowed_element,,,
libe-121531,rejected,disallowed_element,,,
libe-196988,rejected,disallowed_element,,,
libe-197032,rejected,disallowed_element,,,
libe-116021,rejected,mass_out_of_range,40.021,,
libe-116023,rejected,mass_out_of_range,40.021,,
libe-224598,rejected,not_closed_shell,40.021,,
libe-224604,rejected,not_closed_shell,40.021,,
libe-118175,rejected,disallowed_element,,,
libe-637201,rejected,disallowed_element,,,
libe-637199,rejected,disallowed_element,,,
libe-118193,rejected,disallowed_element,,,
libe-118223,rejected,disallowed_element,,,
libe-640646,rejected,not_closed_shell,,,
libe-640677,rejected,not_closed_shell,,,
libe-640721,rejected,not_closed_shell,,,
libe-640739,rejected,not_closed_shell,,,
libe-640855,rejected,not_closed_shell,,,
libe-132031,rejected,not_closed_shell,133.07899999999998,,
libe-132039,rejected,not_closed_shell,133.07899999999998,,
libe-132051,rejected,not_closed_shell,133.07899999999998,,
libe-132125,rejected,not_closed_shell,133.07899999999998,,
libe-135949,rejected,not_closed_shell,,,
libe-137437,rejected,not_closed_shell,,,
libe-137569,rejected,not_closed_shell,,,
libe-137616,rejected,not_closed_shell,,,
libe-202944,rejected,not_closed_shell,,,
libe-202969,rejected,not_closed_shell,,,
libe-203141,rejected,not_closed_shell,,,
libe-141254,rejected,disallowed_element,,,
libe-141374,rejected,disallowed_element,,,
libe-193000,rejected,disallowed_element,,,
libe-639744,rejected,not_closed_shell,,,
libe-116176,rejected,disallowed_element,,,
libe-116183,rejected,disallowed_element,,,
libe-116194,rejected,disallowed_element,,,
libe-132327,rejected,disallowed_element,,,
libe-210225,rejected,disallowed_element,,,
libe-210375,rejected,disallowed_element,,,
libe-224886,rejected,not_closed_shell,,,
libe-224890,rejected,not_closed_shell,,,
libe-224910,rejected,not_closed_shell,,,
libe-225019,rejected,not_closed_shell,,,
libe-641216,rejected,not_closed_shell,,,
libe-641305,rejected,not_closed_shell,,,
libe-501755,rejected,not_closed_shell,,,
libe-502177,rejected,disallowed_element,,,
libe-502331,rejected,disallowed_element,,,
libe-117651,rejected,not_closed_shell,73.07100000000001,,
libe-117653,rejected,not_closed_shell,73.07100000000001,,
libe-201393,rejected,not_closed_shell,73.07100000000001,,
libe-201468,rejected,not_closed_shell,73.07100000000001,,
libe-525836,rejected,not_closed_shell,73.07100000000001,,
libe-631581,rejected,not_closed_shell,73.071,,
libe-138081,rejected,disallowed_element,,,
libe-136767,rejected,disallowed_element,,,
libe-136770,rejected,disallowed_element,,,
libe-136772,rejected,disallowed_element,,,
libe-502123,rejected,disallowed_element,,,
libe-220275,rejected,disallowed_element,,,
libe-135934,rejected,not_closed_shell,,,
libe-136162,rejected,not_closed_shell,,,
libe-190068,rejected,not_closed_shell,,,
libe-190109,rejected,not_closed_shell,,,
libe-190152,rejected,not_closed_shell,,,
libe-190258,rejected,not_closed_shell,,,
libe-190292,rejected,not_closed_shell,,,
libe-190351,rejected,not_closed_shell,,,
libe-190692,rejected,not_closed_shell,,,
libe-141079,rejected,disallowed_element,,,
libe-141182,rejected,disallowed_element,,,
libe-141370,rejected,disallowed_element,,,
libe-141515,rejected,disallowed_element,,,
libe-141497,rejected,not_closed_shell,,,
libe-141605,rejected,not_closed_shell,,,
libe-461408,rejected,not_closed_shell,,,
libe-461479,rejected,not_closed_shell,,,
libe-631420,rejected,not_closed_shell,,,
libe-631448,rejected,not_closed_shell,,,
libe-631451,rejected,not_closed_shell,,,
libe-631459,rejected,not_closed_shell,,,
libe-631489,rejected,not_closed_shell,,,
libe-631562,rejected,not_closed_shell,,,
libe-631852,rejected,not_closed_shell,,,
libe-631896,rejected,not_closed_shell,,,
libe-632023,rejected,not_closed_shell,,,
libe-632056,rejected,not_closed_shell,,,
libe-632085,rejected,not_closed_shell,,,
libe-634039,rejected,not_closed_shell,,,
libe-511301,rejected,disallowed_element,,,
libe-514936,rejected,disallowed_element,,,
libe-529229,rejected,disallowed_element,,,
libe-542127,rejected,disallowed_element,,,
libe-516718,rejected,disallowed_element,,,
libe-528084,rejected,disallowed_element,,,
libe-137713,rejected,not_closed_shell,,,
libe-137717,rejected,not_closed_shell,,,
libe-120245,rejected,not_closed_shell,89.07000000000001,,
libe-120252,rejected,not_closed_shell,89.07000000000001,,
libe-120256,rejected,not_closed_shell,89.07000000000001,,
libe-120288,rejected,not_closed_shell,89.07000000000001,,
libe-132457,rejected,not_closed_shell,89.07000000000001,,
libe-201581,rejected,not_closed_shell,89.07000000000001,,
libe-201894,rejected,not_closed_shell,89.07000000000001,,
libe-631604,rejected,not_closed_shell,89.07,,
libe-631701,rejected,not_closed_shell,89.07,,
libe-523663,rejected,disallowed_element,,,
libe-527716,rejected,disallowed_element,,,
libe-642618,rejected,not_closed_shell,,,
libe-525523,rejected,not_closed_shell,,,
libe-121668,rejected,not_closed_shell,,,
libe-510374,rejected,disallowed_element,,,
libe-510582,rejected,disallowed_element,,,
libe-510910,rejected,disallowed_element,,,
libe-514880,rejected,disallowed_element,,,
libe-514889,rejected,disallowed_element,,,
libe-515178,rejected,disallowed_element,,,
libe-515228,rejected,disallowed_element,,,
libe-515406,rejected,disallowed_element,,,
libe-516181,rejected,disallowed_element,,,
libe-523875,rejected,disallowed_element,,,
libe-524335,rejected,disallowed_element,,,
libe-524682,rejected,disallowed_element,,,
libe-528324,rejected,disallowed_element,,,
libe-542306,rejected,disallowed_element,,,
libe-524742,rejected,not_closed_shell,,,
libe-120090,rejected,not_closed_shell,,,
libe-501738,rejected,not_closed_shell,,,
libe-501831,rejected,not_closed_shell,,,
libe-115839,accepted,,70.047,libe-178775,libe-117849
libe-115840,accepted,,70.047,libe-117851,libe-117848
libe-118727,accepted,,70.04700000000001,libe-117560,libe-117550
libe-118728,accepted,,70.04700000000001,libe-117559,libe-117549
libe-635653,rejected,missing_cation_match,70.04700000000001,,
libe-175816,rejected,missing_cation_match,70.04700000000001,,
libe-175829,accepted,,70.04700000000001,libe-175956,libe-175990
libe-175857,rejected,missing_cation_match,70.04700000000001,,
libe-175896,rejected,missing_cation_match,70.04700000000001,,
libe-175906,rejected,missing_cation_match,70.04700000000001,,
libe-176373,rejected,missing_anion_match,70.04700000000001,libe-176079,
libe-226111,rejected,not_closed_shell,70.04700000000001,,
libe-226120,rejected,not_closed_shell,70.04700000000001,,
libe-226393,rejected,not_closed_shell,70.04700000000001,,
libe-226545,rejected,not_closed_shell,70.04700000000001,,
libe-639579,rejected,not_closed_shell,70.04700000000001,,
libe-639581,rejected,not_closed_shell,70.04700000000001,,
libe-639685,rejected,not_closed_shell,70.04700000000001,,
libe-639734,rejected,not_closed_shell,70.04700000000001,,
libe-639764,rejected,not_closed_shell,70.04700000000001,,
libe-639781,rejected,not_closed_shell,70.04700000000001,,
libe-135793,rejected,not_closed_shell,,,
libe-510999,rejected,disallowed_element,,,
libe-511062,rejected,disallowed_element,,,
libe-515524,rejected,disallowed_element,,,
libe-515683,rejected,disallowed_element,,,
libe-516297,rejected,disallowed_element,,,
libe-517330,rejected,disallowed_element,,,
libe-520355,rejected,disallowed_element,,,
libe-520617,rejected,disallowed_element,,,
libe-520935,rejected,disallowed_element,,,
libe-521814,rejected,disallowed_element,,,
libe-522654,rejected,disallowed_element,,,
libe-525041,rejected,disallowed_element,,,
libe-525436,rejected,disallowed_element,,,
libe-525473,rejected,disallowed_element,,,
libe-525924,rejected,disallowed_element,,,
libe-528498,rejected,disallowed_element,,,
libe-115791,rejected,disallowed_element,,,
libe-545177,rejected,not_closed_shell,,,
libe-519244,rejected,not_closed_shell,,,
libe-528266,rejected,not_closed_shell,,,
libe-525716,rejected,not_closed_shell,,,
libe-173913,rejected,disallowed_element,,,
libe-174348,rejected,disallowed_element,,,
libe-174403,rejected,disallowed_element,,,
libe-115834,accepted,,88.062,libe-115879,libe-120806
libe-119223,accepted,,88.062,libe-120220,libe-120218
libe-119226,accepted,,88.062,libe-120227,libe-120231
libe-119233,accepted,,88.062,libe-120235,libe-120239
libe-119235,rejected,missing_anion_match,88.062,libe-120233,
libe-119259,accepted,,88.062,libe-120251,libe-120224
libe-198136,rejected,missing_cation_match,88.062,,
libe-198310,accepted,,88.062,libe-198629,libe-198238
libe-198626,rejected,missing_cation_match,88.062,,
libe-199176,rejected,missing_cation_match,88.062,,
libe-518851,rejected,not_closed_shell,88.062,,
libe-641242,rejected,not_closed_shell,88.062,,
libe-641248,rejected,not_closed_shell,88.062,,
libe-641256,rejected,not_closed_shell,88.062,,
libe-641258,rejected,not_closed_shell,88.062,,
libe-641261,rejected,not_closed_shell,88.062,,
libe-641264,rejected,not_closed_shell,88.062,,
libe-641419,rejected,not_closed_shell,88.062,,
libe-641503,rejected,not_closed_shell,88.062,,
libe-641562,rejected,not_closed_shell,88.062,,
libe-137278,rejected,not_closed_shell,,,
libe-137871,rejected,not_closed_shell,,,
libe-502690,rejected,not_closed_shell,,,
libe-116157,rejected,not_closed_shell,,,
libe-116158,rejected,not_closed_shell,,,
libe-116172,rejected,not_closed_shell,,,
libe-116179,rejected,not_closed_shell,,,
libe-116184,rejected,not_closed_shell,,,
libe-116189,rejected,not_closed_shell,,,
libe-116196,rejected,not_closed_shell,,,
libe-136909,rejected,not_closed_shell,,,
libe-206742,rejected,not_closed_shell,,,
libe-206905,rejected,not_closed_shell,,,
libe-545125,rejected,not_closed_shell,110.12500000000001,,
libe-121664,rejected,disallowed_element,,,
libe-121652,rejected,disallowed_element,,,
libe-224561,rejected,not_closed_shell,,,
libe-118617,rejected,disallowed_element,,,
libe-224641,rejected,not_closed_shell,,,
libe-140650,rejected,disallowed_element,,,
libe-225825,rejected,not_closed_shell,,,
libe-535118,rejected,not_closed_shell,,,
libe-509296,rejected,disallowed_element,,,
libe-523802,rejected,disallowed_element,,,
libe-634333,rejected,disallowed_element,,,
libe-515116,rejected,disallowed_element,,,
libe-516311,rejected,disallowed_element,,,
libe-518897,rejected,disallowed_element,,,
libe-132304,rejected,not_closed_shell,,,
libe-118282,accepted,,116.11599999999999,libe-121002,libe-121003
libe-118298,accepted,,116.11599999999999,libe-121010,libe-121011
libe-118309,rejected,missing_cation_match,116.11599999999999,,
libe-118312,rejected,missing_cation_match,116.11599999999999,,
libe-118333,rejected,missing_anion_match,116.11599999999999,libe-121005,
libe-173971,accepted,,116.11599999999999,libe-174008,libe-174082
libe-173972,accepted,,116.11599999999999,libe-174009,libe-174058
libe-174381,accepted,,116.11599999999999,libe-174390,libe-174384
libe-177113,rejected,not_closed_shell,,,
libe-528310,rejected,disallowed_element,,,
libe-545287,rejected,disallowed_element,,,
libe-545292,rejected,disallowed_element,,,
libe-140697,rejected,disallowed_element,,,
libe-140732,rejected,disallowed_element,,,
libe-515638,rejected,not_closed_shell,,,
libe-524531,rejected,not_closed_shell,,,
libe-115881,rejected,disallowed_element,,,
libe-121758,rejected,disallowed_element,,,
libe-121759,rejected,disallowed_element,,,
libe-631394,rejected,disallowed_element,,,
libe-631408,rejected,disallowed_element,,,
libe-631419,rejected,disallowed_element,,,
libe-631503,rejected,disallowed_element,,,
libe-631515,rejected,disallowed_element,,,
libe-631526,rejected,disallowed_element,,,
libe-631544,rejected,disallowed_element,,,
libe-631565,rejected,disallowed_element,,,
libe-631578,rejected,disallowed_element,,,
libe-631607,rejected,disallowed_element,,,
libe-631626,rejected,disallowed_element,,,
libe-631643,rejected,disallowed_element,,,
libe-631651,rejected,disallowed_element,,,
libe-631663,rejected,disallowed_element,,,
libe-631722,rejected,disallowed_element,,,
libe-631725,rejected,disallowed_element,,,
libe-631748,rejected,disallowed_element,,,
libe-631787,rejected,disallowed_element,,,
libe-631791,rejected,disallowed_element,,,
libe-631826,rejected,disallowed_element,,,
libe-631882,rejected,disallowed_element,,,
libe-631891,rejected,disallowed_element,,,
libe-631929,rejected,disallowed_element,,,
libe-631954,rejected,disallowed_element,,,
libe-631975,rejected,disallowed_element,,,
libe-632008,rejected,disallowed_element,,,
libe-632081,rejected,disallowed_element,,,
libe-632109,rejected,disallowed_element,,,
libe-632142,rejected,disallowed_element,,,
libe-632173,rejected,disallowed_element,,,
libe-632193,rejected,disallowed_element,,,
libe-632195,rejected,disallowed_element,,,
libe-632215,rejected,disallowed_element,,,
libe-632222,rejected,disallowed_element,,,
libe-632232,rejected,disallowed_element,,,
libe-632246,rejected,disallowed_element,,,
libe-632266,rejected,disallowed_element,,,
libe-632308,rejected,disallowed_element,,,
libe-632310,rejected,disallowed_element,,,
libe-632322,rejected,disallowed_element,,,
libe-632328,rejected,disallowed_element,,,
libe-632333,rejected,disallowed_element,,,
libe-632338,rejected,disallowed_element,,,
libe-632358,rejected,disallowed_element,,,
libe-632384,rejected,disallowed_element,,,
libe-632405,rejected,disallowed_element,,,
libe-632406,rejected,disallowed_element,,,
libe-632419,rejected,disallowed_element,,,
libe-632420,rejected,disallowed_element,,,
libe-632433,rejected,disallowed_element,,,
libe-632451,rejected,disallowed_element,,,
libe-632452,rejected,disallowed_element,,,
libe-632463,rejected,disallowed_element,,,
libe-632469,rejected,disallowed_element,,,
libe-632485,rejected,disallowed_element,,,
libe-632491,rejected,disallowed_element,,,
libe-632501,rejected,disallowed_element,,,
libe-632502,rejected,disallowed_element,,,
libe-632511,rejected,disallowed_element,,,
libe-632514,rejected,disallowed_element,,,
libe-632520,rejected,disallowed_element,,,
libe-632523,rejected,disallowed_element,,,
libe-632527,rejected,disallowed_element,,,
libe-632538,rejected,disallowed_element,,,
libe-632545,rejected,disallowed_element,,,
libe-632556,rejected,disallowed_element,,,
libe-632560,rejected,disallowed_element,,,
libe-632574,rejected,disallowed_element,,,
libe-632578,rejected,disallowed_element,,,
libe-632589,rejected,disallowed_element,,,
libe-632592,rejected,disallowed_element,,,
libe-632598,rejected,disallowed_element,,,
libe-632602,rejected,disallowed_element,,,
libe-632605,rejected,disallowed_element,,,
libe-632607,rejected,disallowed_element,,,
libe-632610,rejected,disallowed_element,,,
libe-632616,rejected,disallowed_element,,,
libe-632621,rejected,disallowed_element,,,
libe-632634,rejected,disallowed_element,,,
libe-632636,rejected,disallowed_element,,,
libe-116324,rejected,mass_out_of_range,66.059,,
libe-116325,rejected,mass_out_of_range,66.059,,
libe-116327,rejected,mass_out_of_range,66.059,,
libe-116328,rejected,mass_out_of_range,66.059,,
libe-116329,rejected,mass_out_of_range,66.059,,
libe-116333,rejected,mass_out_of_range,66.059,,
libe-116334,rejected,mass_out_of_range,66.059,,
libe-116335,rejected,mass_out_of_range,66.059,,
libe-116336,rejected,mass_out_of_range,66.059,,
libe-116341,rejected,mass_out_of_range,66.059,,
libe-116345,rejected,mass_out_of_range,66.059,,
libe-225805,rejected,not_closed_shell,66.059,,
libe-225809,rejected,not_closed_shell,66.059,,
libe-228077,rejected,not_closed_shell,66.059,,
libe-228079,rejected,not_closed_shell,66.059,,
libe-228090,rejected,not_closed_shell,66.059,,
libe-228103,rejected,not_closed_shell,66.059,,
libe-228108,rejected,not_closed_shell,66.059,,
libe-228116,rejected,not_closed_shell,66.059,,
libe-228135,rejected,not_closed_shell,66.059,,
libe-640726,rejected,not_closed_shell,66.059,,
libe-136230,rejected,not_closed_shell,,,
libe-136614,rejected,not_closed_shell,,,
libe-173806,rejected,not_closed_shell,,,
libe-173810,rejected,not_closed_shell,,,
libe-136304,rejected,disallowed_element,,,
libe-137022,rejected,disallowed_element,,,
libe-137036,rejected,disallowed_element,,,
libe-176253,rejected,disallowed_element,,,
libe-176275,rejected,disallowed_element,,,
libe-116014,rejected,mass_out_of_range,28.009999999999998,,
libe-224549,rejected,not_closed_shell,28.009999999999998,,
libe-116018,rejected,not_closed_shell,29.017999999999997,,
libe-116019,rejected,not_closed_shell,29.017999999999997,,
libe-132026,rejected,not_closed_shell,117.08,,
libe-132060,rejected,not_closed_shell,117.08,,
libe-132070,rejected,not_closed_shell,117.08,,
libe-131994,rejected,not_closed_shell,131.063,,
libe-131996,rejected,not_closed_shell,131.063,,
libe-132000,rejected,not_closed_shell,131.063,,
libe-132012,rejected,not_closed_shell,131.063,,
libe-132040,rejected,not_closed_shell,131.063,,
libe-132066,rejected,not_closed_shell,131.063,,
libe-177902,rejected,not_closed_shell,131.063,,
libe-121365,rejected,not_closed_shell,,,
libe-141546,rejected,not_closed_shell,,,
libe-141618,rejected,not_closed_shell,,,
libe-429919,rejected,not_closed_shell,,,
libe-464173,rejected,not_closed_shell,,,
libe-471510,rejected,not_closed_shell,,,
libe-506815,rejected,disallowed_element,,,
libe-508523,rejected,disallowed_element,,,
libe-508603,rejected,disallowed_element,,,
libe-519046,rejected,disallowed_element,,,
libe-136009,rejected,not_closed_shell,,,
libe-136042,rejected,not_closed_shell,,,
libe-136099,rejected,not_closed_shell,,,
libe-136223,rejected,not_closed_shell,,,
libe-136347,rejected,not_closed_shell,,,
libe-136353,rejected,not_closed_shell,,,
libe-136381,rejected,not_closed_shell,,,
libe-137028,rejected,not_closed_shell,,,
libe-137123,rejected,not_closed_shell,,,
libe-137157,rejected,not_closed_shell,,,
libe-137242,rejected,not_closed_shell,,,
libe-137244,rejected,not_closed_shell,,,
libe-176547,rejected,not_closed_shell,,,
libe-176584,rejected,not_closed_shell,,,
libe-176600,rejected,not_closed_shell,,,
libe-176608,rejected,not_closed_shell,,,
libe-176635,rejected,not_closed_shell,,,
libe-176704,rejected,not_closed_shell,,,
libe-176768,rejected,not_closed_shell,,,
libe-177011,rejected,not_closed_shell,,,
libe-188016,rejected,not_closed_shell,,,
libe-188049,rejected,not_closed_shell,,,
libe-188061,rejected,not_closed_shell,,,
libe-188088,rejected,not_closed_shell,,,
libe-188277,rejected,not_closed_shell,,,
libe-188280,rejected,not_closed_shell,,,
libe-188365,rejected,not_closed_shell,,,
libe-188451,rejected,not_closed_shell,,,
libe-188498,rejected,not_closed_shell,,,
libe-188501,rejected,not_closed_shell,,,
libe-188907,rejected,not_closed_shell,,,
libe-220184,rejected,not_closed_shell,,,
libe-220193,rejected,not_closed_shell,,,
libe-220477,rejected,not_closed_shell,,,
libe-510557,rejected,disallowed_element,,,
libe-526813,rejected,disallowed_element,,,
libe-527874,rejected,disallowed_element,,,
libe-136402,rejected,not_closed_shell,,,
libe-136444,rejected,not_closed_shell,,,
libe-136619,rejected,not_closed_shell,,,
libe-136719,rejected,not_closed_shell,,,
libe-173822,rejected,not_closed_shell,,,
libe-173887,rejected,not_closed_shell,,,
libe-199405,rejected,not_closed_shell,,,
libe-514520,rejected,disallowed_element,,,
libe-642656,rejected,not_closed_shell,,,
libe-519126,rejected,disallowed_element,,,
libe-511028,rejected,not_closed_shell,,,
libe-115923,rejected,mass_out_of_range,36.033,,
libe-224615,rejected,not_closed_shell,36.033,,
libe-119058,rejected,disallowed_element,,,
libe-119059,rejected,disallowed_element,,,
libe-119116,rejected,disallowed_element,,,
libe-119148,rejected,disallowed_element,,,
libe-121672,rejected,disallowed_element,,,
libe-121676,rejected,disallowed_element,,,
libe-183975,rejected,disallowed_element,,,
libe-184135,rejected,disallowed_element,,,
libe-184214,rejected,disallowed_element,,,
libe-202503,rejected,disallowed_element,,,
libe-631609,rejected,disallowed_element,,,
libe-631625,rejected,disallowed_element,,,
libe-631637,rejected,disallowed_element,,,
libe-631640,rejected,disallowed_element,,,
libe-631641,rejected,disallowed_element,,,
libe-631678,rejected,disallowed_element,,,
libe-631770,rejected,disallowed_element,,,
libe-631771,rejected,disallowed_element,,,
libe-634036,rejected,disallowed_element,,,
libe-501835,rejected,not_closed_shell,,,
libe-115866,accepted,,84.03,libe-117853,libe-117850
libe-639104,rejected,missing_cation_match,84.03,,
libe-641263,rejected,not_closed_shell,84.03,,
libe-509543,rejected,not_closed_shell,,,
libe-510875,rejected,not_closed_shell,,,
libe-515748,rejected,not_closed_shell,,,
libe-516539,rejected,not_closed_shell,,,
libe-518883,rejected,not_closed_shell,,,
libe-519728,rejected,not_closed_shell,,,
libe-520856,rejected,not_closed_shell,,,
libe-521714,rejected,not_closed_shell,,,
libe-529312,rejected,not_closed_shell,,,
libe-536995,rejected,not_closed_shell,,,
libe-121670,rejected,disallowed_element,,,
libe-135779,rejected,disallowed_element,,,
libe-135926,rejected,disallowed_element,,,
libe-173556,rejected,disallowed_element,,,
libe-640439,rejected,not_closed_shell,,,
libe-640674,rejected,not_closed_shell,,,
libe-640817,rejected,not_closed_shell,,,
libe-497686,rejected,disallowed_element,,,
libe-637722,rejected,disallowed_element,,,
libe-642994,rejected,not_closed_shell,,,
libe-643083,rejected,not_closed_shell,,,
libe-115915,rejected,mass_out_of_range,24.022,,
libe-225517,rejected,not_closed_shell,24.022,,
libe-137702,rejected,not_closed_shell,,,
libe-137858,rejected,not_closed_shell,,,
libe-176675,rejected,not_closed_shell,,,
libe-514445,rejected,not_closed_shell,,,
libe-517291,rejected,not_closed_shell,,,
libe-529149,rejected,not_closed_shell,,,
libe-116838,rejected,not_closed_shell,65.05099999999999,,
libe-116839,rejected,not_closed_shell,65.05099999999999,,
libe-116841,rejected,not_closed_shell,65.05099999999999,,
libe-116845,rejected,not_closed_shell,65.05099999999999,,
libe-116848,rejected,not_closed_shell,65.05099999999999,,
libe-137860,rejected,not_closed_shell,,,
libe-497468,rejected,not_closed_shell,,,
libe-501264,rejected,disallowed_element,,,
libe-502233,rejected,disallowed_element,,,
libe-510491,rejected,not_closed_shell,,,
libe-510997,rejected,not_closed_shell,,,
libe-515000,rejected,not_closed_shell,,,
libe-515338,rejected,not_closed_shell,,,
libe-515433,rejected,not_closed_shell,,,
libe-524686,rejected,not_closed_shell,,,
libe-516332,rejected,disallowed_element,,,
libe-528935,rejected,disallowed_element,,,
libe-639975,rejected,not_closed_shell,,,
libe-640029,rejected,not_closed_shell,,,
libe-203175,rejected,disallowed_element,,,
libe-203190,rejected,disallowed_element,,,
libe-203220,rejected,disallowed_element,,,
libe-226092,rejected,not_closed_shell,,,
libe-642970,rejected,not_closed_shell,,,
libe-121115,rejected,disallowed_element,,,
libe-121116,rejected,disallowed_element,,,
libe-121117,rejected,disallowed_element,,,
libe-121118,rejected,disallowed_element,,,
libe-121120,rejected,disallowed_element,,,
libe-121136,rejected,disallowed_element,,,
libe-121138,rejected,disallowed_element,,,
libe-121143,rejected,disallowed_element,,,
libe-121149,rejected,disallowed_element,,,
libe-121160,rejected,disallowed_element,,,
libe-121537,rejected,disallowed_element,,,
libe-132224,rejected,disallowed_element,,,
libe-631916,rejected,disallowed_element,,,
libe-510541,rejected,not_closed_shell,,,
libe-120769,rejected,not_closed_shell,,,
libe-521818,rejected,not_closed_shell,,,
libe-527076,rejected,not_closed_shell,,,
libe-514741,rejected,disallowed_element,,,
libe-528362,rejected,disallowed_element,,,
libe-497628,rejected,disallowed_element,,,
libe-640657,rejected,not_closed_shell,,,
libe-497521,rejected,not_closed_shell,78.12700000000001,,
libe-120141,rejected,not_closed_shell,,,
libe-120142,rejected,not_closed_shell,,,
libe-120143,rejected,not_closed_shell,,,
libe-120144,rejected,not_closed_shell,,,
libe-120145,rejected,not_closed_shell,,,
libe-120147,rejected,not_closed_shell,,,
libe-120149,rejected,not_closed_shell,,,
libe-514783,rejected,disallowed_element,,,
libe-641611,rejected,not_closed_shell,,,
libe-137938,rejected,not_closed_shell,,,
libe-137941,rejected,not_closed_shell,,,
libe-138052,rejected,not_closed_shell,,,
libe-138069,rejected,not_closed_shell,,,
libe-520505,rejected,not_closed_shell,,,
libe-524828,rejected,not_closed_shell,,,
libe-117876,rejected,disallowed_element,,,
libe-121235,rejected,disallowed_element,,,
libe-527224,rejected,disallowed_element,,,
libe-639550,rejected,not_closed_shell,,,
libe-137138,rejected,disallowed_element,,,
libe-137359,rejected,disallowed_element,,,
libe-141533,rejected,disallowed_element,,,
libe-141655,rejected,disallowed_element,,,
libe-388465,rejected,disallowed_element,,,
libe-432875,rejected,disallowed_element,,,
libe-118078,rejected,disallowed_element,,,
libe-118080,rejected,disallowed_element,,,
libe-174968,rejected,disallowed_element,,,
libe-174969,rejected,disallowed_element,,,
libe-174973,rejected,disallowed_element,,,
libe-174992,rejected,disallowed_element,,,
libe-174997,rejected,disallowed_element,,,
libe-175003,rejected,disallowed_element,,,
libe-175026,rejected,disallowed_element,,,
libe-175071,rejected,disallowed_element,,,
libe-175137,rejected,disallowed_element,,,
libe-175332,rejected,disallowed_element,,,
libe-175352,rejected,disallowed_element,,,
libe-182316,rejected,disallowed_element,,,
libe-182387,rejected,disallowed_element,,,
libe-182399,rejected,disallowed_element,,,
libe-182413,rejected,disallowed_element,,,
libe-182475,rejected,disallowed_element,,,
libe-182478,rejected,disallowed_element,,,
libe-182479,rejected,disallowed_element,,,
libe-182511,rejected,disallowed_element,,,
libe-182533,rejected,disallowed_element,,,
libe-182636,rejected,disallowed_element,,,
libe-182659,rejected,disallowed_element,,,
libe-182770,rejected,disallowed_element,,,
libe-183476,rejected,disallowed_element,,,
libe-183559,rejected,disallowed_element,,,
libe-183687,rejected,disallowed_element,,,
libe-184665,rejected,disallowed_element,,,
libe-187110,rejected,disallowed_element,,,
libe-188209,rejected,disallowed_element,,,
libe-192442,rejected,disallowed_element,,,
libe-193747,rejected,disallowed_element,,,
libe-220809,rejected,disallowed_element,,,
libe-121739,rejected,not_closed_shell,,,
libe-121747,rejected,not_closed_shell,,,
libe-121776,rejected,not_closed_shell,,,
libe-631260,rejected,not_closed_shell,,,
libe-118607,rejected,disallowed_element,,,
libe-118618,rejected,disallowed_element,,,
libe-118621,rejected,disallowed_element,,,
libe-118623,rejected,disallowed_element,,,
libe-119693,rejected,disallowed_element,,,
libe-636797,rejected,disallowed_element,,,
libe-120375,rejected,disallowed_element,,,
libe-120379,rejected,disallowed_element,,,
libe-137012,rejected,disallowed_element,,,
libe-207941,rejected,disallowed_element,,,
libe-207950,rejected,disallowed_element,,,
libe-207971,rejected,disallowed_element,,,
libe-636810,rejected,disallowed_element,,,
libe-208215,rejected,disallowed_element,,,
libe-208330,rejected,disallowed_element,,,
libe-208397,rejected,disallowed_element,,,
libe-208477,rejected,disallowed_element,,,
libe-209291,rejected,disallowed_element,,,
libe-211266,rejected,disallowed_element,,,
libe-521188,rejected,disallowed_element,,,
libe-225934,rejected,not_closed_shell,,,
libe-225938,rejected,not_closed_shell,,,
libe-225954,rejected,not_closed_shell,,,
libe-225975,rejected,not_closed_shell,,,
libe-226035,rejected,not_closed_shell,,,
libe-226101,rejected,not_closed_shell,,,
libe-642893,rejected,not_closed_shell,,,
libe-642914,rejected,not_closed_shell,,,
libe-642929,rejected,not_closed_shell,,,
libe-642974,rejected,not_closed_shell,,,
libe-643020,rejected,not_closed_shell,,,
libe-643026,rejected,not_closed_shell,,,
libe-643034,rejected,not_closed_shell,,,
libe-643056,rejected,not_closed_shell,,,
libe-140767,rejected,not_closed_shell,,,
libe-140826,rejected,not_closed_shell,,,
libe-140845,rejected,not_closed_shell,,,
libe-140919,rejected,not_closed_shell,,,
libe-141100,rejected,not_closed_shell,,,
libe-141280,rejected,not_closed_shell,,,
libe-141494,rejected,not_closed_shell,,,
libe-141623,rejected,not_closed_shell,,,
libe-137226,rejected,disallowed_element,,,
libe-115767,rejected,disallowed_element,,,
libe-225346,rejected,not_closed_shell,,,
libe-501633,rejected,disallowed_element,,,
libe-137456,rejected,not_closed_shell,,,
libe-137579,rejected,not_closed_shell,,,
libe-176105,rejected,not_closed_shell,,,
libe-514554,rejected,not_closed_shell,,,
libe-520611,rejected,disallowed_element,,,
libe-524603,rejected,disallowed_element,,,
libe-536304,rejected,disallowed_element,,,
libe-536345,rejected,disallowed_element,,,
libe-120187,rejected,not_closed_shell,87.054,,
libe-120190,rejected,not_closed_shell,87.054,,
libe-120191,rejected,not_closed_shell,87.054,,
libe-120193,rejected,not_closed_shell,87.054,,
libe-120197,rejected,not_closed_shell,87.054,,
libe-120201,rejected,not_closed_shell,87.054,,
libe-120203,rejected,not_closed_shell,87.054,,
libe-132368,rejected,not_closed_shell,87.054,,
libe-120205,rejected,not_closed_shell,87.054,,
libe-120213,rejected,not_closed_shell,87.054,,
libe-120225,rejected,not_closed_shell,87.054,,
libe-120228,rejected,not_closed_shell,87.054,,
libe-120805,rejected,not_closed_shell,87.054,,
libe-184417,rejected,not_closed_shell,87.054,,
libe-135795,rejected,not_closed_shell,,,
libe-497579,rejected,not_closed_shell,,,
libe-116255,rejected,not_closed_shell,49.052,,
libe-116259,rejected,not_closed_shell,49.052,,
libe-136340,rejected,not_closed_shell,,,
libe-136530,rejected,not_closed_shell,,,
libe-137841,rejected,not_closed_shell,,,
libe-137963,rejected,not_closed_shell,,,
libe-173481,rejected,not_closed_shell,,,
libe-211930,rejected,not_closed_shell,,,
libe-212025,rejected,not_closed_shell,,,
libe-522012,rejected,not_closed_shell,,,
libe-118578,rejected,disallowed_element,,,
libe-118579,rejected,disallowed_element,,,
libe-119402,rejected,disallowed_element,,,
libe-119409,rejected,disallowed_element,,,
libe-119410,rejected,disallowed_element,,,
libe-119418,rejected,disallowed_element,,,
libe-119430,rejected,disallowed_element,,,
libe-136920,rejected,disallowed_element,,,
libe-136929,rejected,disallowed_element,,,
libe-136939,rejected,disallowed_element,,,
libe-200541,rejected,disallowed_element,,,
libe-200572,rejected,disallowed_element,,,
libe-200690,rejected,disallowed_element,,,
libe-200836,rejected,disallowed_element,,,
libe-201334,rejected,disallowed_element,,,
libe-225614,rejected,not_closed_shell,,,
libe-225644,rejected,not_closed_shell,,,
libe-225673,rejected,not_closed_shell,,,
libe-225691,rejected,not_closed_shell,,,
libe-225695,rejected,not_closed_shell,,,
libe-225707,rejected,not_closed_shell,,,
libe-225826,rejected,not_closed_shell,,,
libe-227994,rejected,not_closed_shell,,,
libe-228033,rejected,not_closed_shell,,,
libe-639567,rejected,not_closed_shell,,,
libe-639578,rejected,not_closed_shell,,,
libe-121300,rejected,not_closed_shell,129.047,,
libe-509576,rejected,not_closed_shell,,,
libe-514685,rejected,not_closed_shell,,,
libe-515585,rejected,not_closed_shell,,,
libe-516339,rejected,not_closed_shell,,,
libe-517542,rejected,not_closed_shell,,,
libe-517677,rejected,not_closed_shell,,,
libe-521014,rejected,not_closed_shell,,,
libe-521059,rejected,not_closed_shell,,,
libe-522704,rejected,not_closed_shell,,,
libe-524741,rejected,not_closed_shell,,,
libe-524942,rejected,not_closed_shell,,,
libe-527806,rejected,not_closed_shell,,,
libe-501581,rejected,disallowed_element,,,
libe-501601,rejected,disallowed_element,,,
libe-515200,rejected,not_closed_shell,,,
libe-525723,rejected,not_closed_shell,,,
libe-527407,rejected,not_closed_shell,,,
libe-501928,rejected,disallowed_element,,,
libe-141429,rejected,not_closed_shell,,,
libe-141580,rejected,not_closed_shell,,,
libe-141593,rejected,not_closed_shell,,,
libe-141649,rejected,not_closed_shell,,,
libe-525854,rejected,disallowed_element,,,
libe-528142,rejected,disallowed_element,,,
libe-501359,rejected,not_closed_shell,,,
libe-502090,rejected,disallowed_element,,,
libe-502310,rejected,disallowed_element,,,
libe-516478,rejected,not_closed_shell,,,
libe-528108,rejected,not_closed_shell,,,
libe-529114,rejected,not_closed_shell,,,
libe-542204,rejected,not_closed_shell,,,
libe-121678,rejected,disallowed_element,,,
libe-631738,rejected,disallowed_element,,,
libe-631750,rejected,disallowed_element,,,
libe-631760,rejected,disallowed_element,,,
libe-631761,rejected,disallowed_element,,,
libe-135891,rejected,disallowed_element,,,
libe-226451,rejected,not_closed_shell,,,
libe-226474,rejected,not_closed_shell,,,
libe-528306,rejected,disallowed_element,,,
libe-545275,rejected,not_closed_shell,,,
libe-536321,rejected,not_closed_shell,,,
libe-545781,rejected,disallowed_element,,,
libe-545822,rejected,disallowed_element,,,
libe-140733,rejected,disallowed_element,,,
libe-141032,rejected,disallowed_element,,,
libe-135946,rejected,disallowed_element,,,
libe-135948,rejected,disallowed_element,,,
libe-173571,rejected,disallowed_element,,,
libe-510584,rejected,disallowed_element,,,
libe-520740,rejected,disallowed_element,,,
libe-501777,rejected,not_closed_shell,138.13500000000002,,
libe-545825,rejected,not_closed_shell,,,
libe-520689,rejected,disallowed_element,,,
libe-527360,rejected,disallowed_element,,,
libe-117164,rejected,not_closed_shell,59.088,,
libe-511051,rejected,disallowed_element,,,
libe-514754,rejected,disallowed_element,,,
libe-524982,rejected,disallowed_element,,,
libe-528767,rejected,disallowed_element,,,
libe-173732,rejected,not_closed_shell,,,
libe-115823,rejected,not_closed_shell,,,
libe-118560,rejected,disallowed_element,,,
libe-224665,rejected,not_closed_shell,,,
libe-524573,rejected,not_closed_shell,,,
libe-525844,rejected,not_closed_shell,,,
libe-121090,rejected,not_closed_shell,,,
libe-175047,rejected,not_closed_shell,,,
libe-175132,rejected,not_closed_shell,,,
libe-175134,rejected,not_closed_shell,,,
libe-175155,rejected,not_closed_shell,,,
libe-175163,rejected,not_closed_shell,,,
libe-175198,rejected,not_closed_shell,,,
libe-175219,rejected,not_closed_shell,,,
libe-175234,rejected,not_closed_shell,,,
libe-175274,rejected,not_closed_shell,,,
libe-184198,rejected,not_closed_shell,,,
libe-184263,rejected,not_closed_shell,,,
libe-184360,rejected,not_closed_shell,,,
libe-184391,rejected,not_closed_shell,,,
libe-184435,rejected,not_closed_shell,,,
libe-184480,rejected,not_closed_shell,,,
libe-184716,rejected,not_closed_shell,,,
libe-186109,rejected,not_closed_shell,,,
libe-186250,rejected,not_closed_shell,,,
libe-193692,rejected,not_closed_shell,,,
libe-193750,rejected,not_closed_shell,,,
libe-631224,rejected,not_closed_shell,,,
libe-631229,rejected,not_closed_shell,,,
libe-631768,rejected,not_closed_shell,,,
libe-632019,rejected,not_closed_shell,,,
libe-502097,rejected,disallowed_element,,,
libe-502214,rejected,disallowed_element,,,
libe-116045,rejected,mass_out_of_range,42.037,,
libe-116072,rejected,mass_out_of_range,42.037,,
libe-116053,rejected,mass_out_of_range,42.037,,
libe-205273,rejected,mass_out_of_range,42.037,,
libe-515756,rejected,mass_out_of_range,42.037,,
libe-224674,rejected,not_closed_shell,42.037,,
libe-224681,rejected,not_closed_shell,42.037,,
libe-639971,rejected,not_closed_shell,42.037,,
libe-640157,rejected,not_closed_shell,42.037,,
libe-119156,rejected,not_closed_shell,,,
libe-119174,rejected,not_closed_shell,,,
libe-119178,rejected,not_closed_shell,,,
libe-121124,rejected,not_closed_shell,,,
libe-121941,rejected,not_closed_shell,,,
libe-121944,rejected,not_closed_shell,,,
libe-121945,rejected,not_closed_shell,,,
libe-121946,rejected,not_closed_shell,,,
libe-121948,rejected,not_closed_shell,,,
libe-631441,rejected,not_closed_shell,,,
libe-632044,rejected,not_closed_shell,,,
libe-632097,rejected,not_closed_shell,,,
libe-632274,rejected,not_closed_shell,,,
libe-632376,rejected,not_closed_shell,,,
libe-632535,rejected,not_closed_shell,,,
libe-632593,rejected,not_closed_shell,,,
libe-634041,rejected,not_closed_shell,,,
libe-117211,rejected,not_closed_shell,,,
libe-511282,rejected,not_closed_shell,,,
libe-515551,rejected,not_closed_shell,,,
libe-524422,rejected,not_closed_shell,,,
libe-501331,rejected,disallowed_element,,,
libe-115803,rejected,not_closed_shell,,,
libe-529289,rejected,not_closed_shell,,,
libe-400810,rejected,not_closed_shell,,,
libe-404272,rejected,not_closed_shell,,,
libe-140805,rejected,disallowed_element,,,
libe-140902,rejected,disallowed_element,,,
libe-141171,rejected,disallowed_element,,,
libe-141526,rejected,disallowed_element,,,
libe-115808,rejected,not_closed_shell,,,
libe-514719,rejected,disallowed_element,,,
libe-526019,rejected,not_closed_shell,,,
libe-116551,rejected,mass_out_of_range,68.07499999999999,,
libe-116553,rejected,mass_out_of_range,68.07499999999999,,
libe-116554,rejected,mass_out_of_range,68.07499999999999,,
libe-116557,rejected,mass_out_of_range,68.07499999999999,,
libe-116558,rejected,mass_out_of_range,68.07499999999999,,
libe-116559,rejected,mass_out_of_range,68.07499999999999,,
libe-116563,rejected,mass_out_of_range,68.07499999999999,,
libe-116564,rejected,mass_out_of_range,68.07499999999999,,
libe-116565,rejected,mass_out_of_range,68.07499999999999,,
libe-116566,rejected,mass_out_of_range,68.07499999999999,,
libe-116568,rejected,mass_out_of_range,68.07499999999999,,
libe-116569,rejected,mass_out_of_range,68.07499999999999,,
libe-116570,rejected,mass_out_of_range,68.07499999999999,,
libe-116571,rejected,mass_out_of_range,68.07499999999999,,
libe-116572,rejected,mass_out_of_range,68.07499999999999,,
libe-116584,rejected,mass_out_of_range,68.07499999999999,,
libe-116585,rejected,mass_out_of_range,68.07499999999999,,
libe-116591,rejected,mass_out_of_range,68.07499999999999,,
libe-116593,rejected,mass_out_of_range,68.07499999999999,,
libe-116601,rejected,mass_out_of_range,68.07499999999999,,
libe-116614,rejected,mass_out_of_range,68.07499999999999,,
libe-121557,rejected,mass_out_of_range,68.07499999999999,,
libe-226203,rejected,not_closed_shell,68.07499999999999,,
libe-226216,rejected,not_closed_shell,68.07499999999999,,
libe-226219,rejected,not_closed_shell,68.07499999999999,,
libe-226220,rejected,not_closed_shell,68.07499999999999,,
libe-226222,rejected,not_closed_shell,68.07499999999999,,
libe-226230,rejected,not_closed_shell,68.07499999999999,,
libe-226231,rejected,not_closed_shell,68.07499999999999,,
libe-226234,rejected,not_closed_shell,68.07499999999999,,
libe-226238,rejected,not_closed_shell,68.07499999999999,,
libe-226240,rejected,not_closed_shell,68.07499999999999,,
libe-226246,rejected,not_closed_shell,68.07499999999999,,
libe-226249,rejected,not_closed_shell,68.07499999999999,,
libe-226250,rejected,not_closed_shell,68.07499999999999,,
libe-226255,rejected,not_closed_shell,68.07499999999999,,
libe-226257,rejected,not_closed_shell,68.07499999999999,,
libe-226258,rejected,not_closed_shell,68.07499999999999,,
libe-226259,rejected,not_closed_shell,68.07499999999999,,
libe-226267,rejected,not_closed_shell,68.07499999999999,,
libe-226273,rejected,not_closed_shell,68.07499999999999,,
libe-226277,rejected,not_closed_shell,68.07499999999999,,
libe-226281,rejected,not_closed_shell,68.07499999999999,,
libe-226576,rejected,not_closed_shell,68.07499999999999,,
libe-545731,rejected,not_closed_shell,,,
libe-116002,rejected,not_closed_shell,,,
libe-119363,rejected,disallowed_element,,,
libe-641158,rejected,not_closed_shell,,,
libe-545115,rejected,not_closed_shell,126.12400000000001,,
libe-115764,rejected,disallowed_element,,,
libe-225514,rejected,not_closed_shell,,,
libe-119899,rejected,not_closed_shell,89.114,,
libe-119902,rejected,not_closed_shell,89.114,,
libe-119903,rejected,not_closed_shell,89.114,,
libe-135929,rejected,disallowed_element,,,
libe-136994,rejected,disallowed_element,,,
libe-137059,rejected,disallowed_element,,,
libe-137089,rejected,disallowed_element,,,
libe-641118,rejected,not_closed_shell,,,
libe-641154,rejected,not_closed_shell,,,
libe-641296,rejected,not_closed_shell,,,
libe-641329,rejected,not_closed_shell,,,
libe-511237,rejected,disallowed_element,,,
libe-514620,rejected,disallowed_element,,,
libe-516449,rejected,disallowed_element,,,
libe-516897,rejected,disallowed_element,,,
libe-522881,rejected,disallowed_element,,,
libe-527069,rejected,disallowed_element,,,
libe-529174,rejected,disallowed_element,,,
libe-545192,rejected,disallowed_element,,,
libe-545248,rejected,disallowed_element,,,
libe-136033,rejected,disallowed_element,,,
libe-136043,rejected,disallowed_element,,,
libe-136261,rejected,disallowed_element,,,
libe-136286,rejected,disallowed_element,,,
libe-136423,rejected,disallowed_element,,,
libe-635445,rejected,disallowed_element,,,
libe-137080,rejected,disallowed_element,,,
libe-137094,rejected,disallowed_element,,,
libe-137106,rejected,disallowed_element,,,
libe-137118,rejected,disallowed_element,,,
libe-140670,rejected,disallowed_element,,,
libe-137184,rejected,disallowed_element,,,
libe-176532,rejected,disallowed_element,,,
libe-176573,rejected,disallowed_element,,,
libe-176705,rejected,disallowed_element,,,
libe-176706,rejected,disallowed_element,,,
libe-176924,rejected,disallowed_element,,,
libe-176934,rejected,disallowed_element,,,
libe-177083,rejected,disallowed_element,,,
libe-195598,rejected,disallowed_element,,,
libe-195602,rejected,disallowed_element,,,
libe-195629,rejected,disallowed_element,,,
libe-195634,rejected,disallowed_element,,,
libe-195644,rejected,disallowed_element,,,
libe-195671,rejected,disallowed_element,,,
libe-195681,rejected,disallowed_element,,,
libe-195691,rejected,disallowed_element,,,
libe-195941,rejected,disallowed_element,,,
libe-196065,rejected,disallowed_element,,,
libe-196104,rejected,disallowed_element,,,
libe-196138,rejected,disallowed_element,,,
libe-196201,rejected,disallowed_element,,,
libe-635477,rejected,disallowed_element,,,
libe-196269,rejected,disallowed_element,,,
libe-196271,rejected,disallowed_element,,,
libe-635491,rejected,disallowed_element,,,
libe-223479,rejected,disallowed_element,,,
libe-641003,rejected,not_closed_shell,,,
libe-641004,rejected,not_closed_shell,,,
libe-641016,rejected,not_closed_shell,,,
libe-641024,rejected,not_closed_shell,,,
libe-641030,rejected,not_closed_shell,,,
libe-641037,rejected,not_closed_shell,,,
libe-641038,rejected,not_closed_shell,,,
libe-641039,rejected,not_closed_shell,,,
libe-641041,rejected,not_closed_shell,,,
libe-641043,rejected,not_closed_shell,,,
libe-641045,rejected,not_closed_shell,,,
libe-641053,rejected,not_closed_shell,,,
libe-641055,rejected,not_closed_shell,,,
libe-641064,rejected,not_closed_shell,,,
libe-641068,rejected,not_closed_shell,,,
libe-641071,rejected,not_closed_shell,,,
libe-641080,rejected,not_closed_shell,,,
libe-641083,rejected,not_closed_shell,,,
libe-641084,rejected,not_closed_shell,,,
libe-641090,rejected,not_closed_shell,,,
libe-641095,rejected,not_closed_shell,,,
libe-641097,rejected,not_closed_shell,,,
libe-641112,rejected,not_closed_shell,,,
libe-641155,rejected,not_closed_shell,,,
libe-641212,rejected,not_closed_shell,,,
libe-641298,rejected,not_closed_shell,,,
libe-641324,rejected,not_closed_shell,,,
libe-641339,rejected,not_closed_shell,,,
libe-641435,rejected,not_closed_shell,,,
libe-641501,rejected,not_closed_shell,,,
libe-641786,rejected,not_closed_shell,,,
libe-529022,rejected,disallowed_element,,,
libe-641897,rejected,not_closed_shell,,,
libe-136384,rejected,not_closed_shell,,,
libe-137052,rejected,not_closed_shell,,,
libe-514635,rejected,disallowed_element,,,
libe-514848,rejected,disallowed_element,,,
libe-516515,rejected,disallowed_element,,,
libe-517646,rejected,disallowed_element,,,
libe-520725,rejected,disallowed_element,,,
libe-527193,rejected,disallowed_element,,,
libe-115798,rejected,disallowed_element,,,
libe-224655,rejected,not_closed_shell,,,
libe-117803,accepted,,88.106,libe-119900,libe-119862
libe-117831,accepted,,88.106,libe-119873,libe-119893
libe-117833,accepted,,88.106,libe-119872,libe-119884
libe-636149,accepted,,88.106,libe-119963,libe-119886
libe-117841,accepted,,88.106,libe-119892,libe-119875
libe-184068,accepted,,88.106,libe-184481,libe-184376
libe-511001,rejected,missing_anion_match,88.106,libe-511057,
libe-642408,rejected,not_closed_shell,88.106,,
libe-642456,rejected,not_closed_shell,88.106,,
libe-642485,rejected,not_closed_shell,88.106,,
libe-642490,rejected,not_closed_shell,88.106,,
libe-642565,rejected,not_closed_shell,88.106,,
libe-642588,rejected,not_closed_shell,88.106,,
libe-642741,rejected,not_closed_shell,88.106,,
libe-536968,rejected,not_closed_shell,,,
libe-511318,rejected,disallowed_element,,,
libe-511319,rejected,disallowed_element,,,
libe-515505,rejected,disallowed_element,,,
libe-517490,rejected,disallowed_element,,,
libe-519061,rejected,disallowed_element,,,
libe-520813,rejected,disallowed_element,,,
libe-523052,rejected,disallowed_element,,,
libe-523111,rejected,disallowed_element,,,
libe-524694,rejected,disallowed_element,,,
libe-526868,rejected,disallowed_element,,,
libe-527430,rejected,disallowed_element,,,
libe-528044,rejected,disallowed_element,,,
libe-528202,rejected,disallowed_element,,,
libe-528490,rejected,disallowed_element,,,
libe-534766,rejected,disallowed_element,,,
libe-535813,rejected,disallowed_element,,,
libe-535963,rejected,disallowed_element,,,
libe-538894,rejected,disallowed_element,,,
libe-539350,rejected,disallowed_element,,,
libe-539823,rejected,disallowed_element,,,
libe-542164,rejected,disallowed_element,,,
libe-542392,rejected,disallowed_element,,,
libe-639170,rejected,disallowed_element,,,
libe-225562,rejected,not_closed_shell,,,
libe-121303,rejected,not_closed_shell,,,
libe-631211,rejected,not_closed_shell,,,
libe-515031,rejected,disallowed_element,,,
libe-642019,rejected,not_closed_shell,,,
libe-121673,rejected,disallowed_element,,,
libe-121682,rejected,disallowed_element,,,
libe-137861,rejected,disallowed_element,,,
libe-137965,rejected,disallowed_element,,,
libe-176815,rejected,disallowed_element,,,
libe-536248,rejected,not_closed_shell,,,
libe-135965,rejected,not_closed_shell,,,
libe-136189,rejected,not_closed_shell,,,
libe-136314,rejected,not_closed_shell,,,
libe-137126,rejected,not_closed_shell,,,
libe-211019,rejected,not_closed_shell,,,
libe-211356,rejected,not_closed_shell,,,
libe-520586,rejected,not_closed_shell,,,
libe-525813,rejected,not_closed_shell,,,
libe-527384,rejected,not_closed_shell,,,
libe-528282,rejected,not_closed_shell,,,
libe-529350,rejected,not_closed_shell,,,
libe-117999,rejected,missing_cation_match,130.05499999999998,,
libe-118000,accepted,,130.05499999999998,libe-121290,libe-131966
libe-515627,rejected,not_closed_shell,,,
libe-542039,rejected,not_closed_shell,,,
libe-519693,rejected,not_closed_shell,,,
libe-501998,rejected,not_closed_shell,134.14700000000002,,
libe-545697,rejected,not_closed_shell,,,
libe-117396,rejected,not_closed_shell,,,
libe-115824,rejected,disallowed_element,,,
libe-224626,rejected,not_closed_shell,,,
libe-140704,rejected,disallowed_element,,,
libe-643006,rejected,not_closed_shell,,,
libe-516680,rejected,disallowed_element,,,
libe-528648,rejected,disallowed_element,,,
libe-536337,rejected,disallowed_element,,,
libe-641463,rejected,not_closed_shell,,,
libe-641464,rejected,not_closed_shell,,,
libe-641489,rejected,not_closed_shell,,,
libe-175204,rejected,disallowed_element,,,
libe-175214,rejected,disallowed_element,,,
libe-175355,rejected,disallowed_element,,,
libe-186871,rejected,disallowed_element,,,
libe-187141,rejected,disallowed_element,,,
libe-187149,rejected,disallowed_element,,,
libe-187370,rejected,disallowed_element,,,
libe-502174,rejected,disallowed_element,,,
libe-502398,rejected,disallowed_element,,,
libe-502481,rejected,disallowed_element,,,
libe-115789,accepted,,90.122,libe-119841,libe-119767
libe-121342,rejected,not_closed_shell,,,
libe-121344,rejected,not_closed_shell,,,
libe-121351,rejected,not_closed_shell,,,
libe-121355,rejected,not_closed_shell,,,
libe-121356,rejected,not_closed_shell,,,
libe-137990,rejected,not_closed_shell,,,
libe-138124,rejected,not_closed_shell,,,
libe-178250,rejected,not_closed_shell,,,
libe-178503,rejected,not_closed_shell,,,
libe-121377,rejected,not_closed_shell,145.13400000000001,,
libe-121378,rejected,not_closed_shell,145.13400000000001,,
libe-121380,rejected,not_closed_shell,145.13400000000001,,
libe-121418,rejected,not_closed_shell,145.13400000000001,,
libe-137646,rejected,not_closed_shell,,,
libe-137654,rejected,not_closed_shell,,,
libe-138215,rejected,not_closed_shell,,,
libe-138218,rejected,not_closed_shell,,,
libe-121193,rejected,disallowed_element,,,
libe-121196,rejected,disallowed_element,,,
libe-121212,rejected,disallowed_element,,,
libe-634449,rejected,disallowed_element,,,
libe-634460,rejected,disallowed_element,,,
libe-135866,rejected,disallowed_element,,,
libe-135928,rejected,disallowed_element,,,
libe-136310,rejected,disallowed_element,,,
libe-136537,rejected,disallowed_element,,,
libe-173695,rejected,disallowed_element,,,
libe-173770,rejected,disallowed_element,,,
libe-173797,rejected,disallowed_element,,,
libe-173829,rejected,disallowed_element,,,
libe-173844,rejected,disallowed_element,,,
libe-173600,rejected,disallowed_element,,,
libe-173652,rejected,disallowed_element,,,
libe-510913,rejected,disallowed_element,,,
libe-515535,rejected,disallowed_element,,,
libe-515616,rejected,disallowed_element,,,
libe-515707,rejected,disallowed_element,,,
libe-520014,rejected,disallowed_element,,,
libe-528085,rejected,disallowed_element,,,
libe-638581,accepted,,90.078,libe-120303,libe-120259
libe-202458,accepted,,90.078,libe-202592,libe-202495
libe-640555,rejected,not_closed_shell,90.078,,
libe-640998,rejected,not_closed_shell,90.078,,
libe-518864,rejected,disallowed_element,,,
libe-545063,rejected,disallowed_element,,,
libe-117274,rejected,not_closed_shell,,,
libe-117275,rejected,not_closed_shell,,,
libe-117277,rejected,not_closed_shell,,,
libe-117286,rejected,not_closed_shell,,,
libe-117290,rejected,not_closed_shell,,,
libe-117292,rejected,not_closed_shell,,,
libe-117315,rejected,not_closed_shell,,,
libe-176078,rejected,not_closed_shell,,,
libe-136074,rejected,not_closed_shell,,,
libe-136313,rejected,not_closed_shell,,,
libe-137457,rejected,not_closed_shell,,,
libe-137863,rejected,not_closed_shell,,,
libe-198432,rejected,not_closed_shell,,,
libe-198771,rejected,not_closed_shell,,,
libe-199305,rejected,not_closed_shell,,,
libe-212255,rejected,not_closed_shell,,,
libe-516664,rejected,not_closed_shell,,,
libe-517043,rejected,not_closed_shell,,,
libe-528956,rejected,not_closed_shell,,,
libe-501949,rejected,disallowed_element,,,
libe-117996,rejected,missing_cation_match,98.057,,
libe-120813,rejected,disallowed_element,,,
libe-121749,rejected,not_closed_shell,,,
libe-121750,rejected,not_closed_shell,,,
libe-121754,rejected,not_closed_shell,,,
libe-631596,rejected,not_closed_shell,,,
libe-632003,rejected,not_closed_shell,,,
libe-544997,rejected,not_closed_shell,94.126,,
libe-120814,rejected,disallowed_element,,,
libe-120824,rejected,disallowed_element,,,
libe-115921,rejected,not_closed_shell,13.018999999999998,,
libe-515023,rejected,not_closed_shell,,,
libe-121910,rejected,not_closed_shell,19.023,,
libe-136242,rejected,not_closed_shell,,,
libe-136249,rejected,not_closed_shell,,,
libe-225882,rejected,not_closed_shell,56.108,,
libe-141147,rejected,not_closed_shell,,,
libe-141260,rejected,not_closed_shell,,,
libe-141288,rejected,not_closed_shell,,,
libe-141583,rejected,not_closed_shell,,,
libe-389033,rejected,not_closed_shell,,,
libe-393943,rejected,not_closed_shell,,,
libe-433172,rejected,not_closed_shell,,,
libe-433812,rejected,not_closed_shell,,,
libe-117210,rejected,not_closed_shell,73.115,,
libe-118301,rejected,disallowed_element,,,
libe-118305,rejected,disallowed_element,,,
libe-118310,rejected,disallowed_element,,,
libe-118311,rejected,disallowed_element,,,
libe-118318,rejected,disallowed_element,,,
libe-118319,rejected,disallowed_element,,,
libe-118320,rejected,disallowed_element,,,
libe-118321,rejected,disallowed_element,,,
libe-638202,rejected,disallowed_element,,,
libe-118340,rejected,disallowed_element,,,
libe-118350,rejected,disallowed_element,,,
libe-118352,rejected,disallowed_element,,,
libe-118354,rejected,disallowed_element,,,
libe-118365,rejected,disallowed_element,,,
libe-638235,rejected,disallowed_element,,,
libe-638213,rejected,disallowed_element,,,
libe-638199,rejected,disallowed_element,,,
libe-118383,rejected,disallowed_element,,,
libe-638252,rejected,disallowed_element,,,
libe-118395,rejected,disallowed_element,,,
libe-118400,rejected,disallowed_element,,,
libe-118402,rejected,disallowed_element,,,
libe-118407,rejected,disallowed_element,,,
libe-132353,rejected,disallowed_element,,,
libe-643059,rejected,not_closed_shell,,,
libe-643060,rejected,not_closed_shell,,,
libe-643065,rejected,not_closed_shell,,,
libe-643067,rejected,not_closed_shell,,,
libe-643070,rejected,not_closed_shell,,,
libe-643086,rejected,not_closed_shell,,,
libe-643090,rejected,not_closed_shell,,,
libe-643098,rejected,not_closed_shell,,,
libe-643103,rejected,not_closed_shell,,,
libe-643104,rejected,not_closed_shell,,,
libe-643106,rejected,not_closed_shell,,,
libe-643112,rejected,not_closed_shell,,,
libe-643119,rejected,not_closed_shell,,,
libe-643124,rejected,not_closed_shell,,,
libe-643125,rejected,not_closed_shell,,,
libe-643128,rejected,not_closed_shell,,,
libe-643129,rejected,not_closed_shell,,,
libe-643131,rejected,not_closed_shell,,,
libe-643147,rejected,not_closed_shell,,,
libe-643152,rejected,not_closed_shell,,,
libe-643153,rejected,not_closed_shell,,,
libe-643157,rejected,not_closed_shell,,,
libe-643158,rejected,not_closed_shell,,,
libe-501837,rejected,disallowed_element,,,
libe-501862,rejected,disallowed_element,,,
libe-520948,rejected,disallowed_element,,,
libe-527342,rejected,not_closed_shell,,,
libe-636041,rejected,disallowed_element,,,
libe-119616,rejected,disallowed_element,,,
libe-119626,rejected,disallowed_element,,,
libe-641978,rejected,not_closed_shell,,,
libe-642200,rejected,not_closed_shell,,,
libe-642433,rejected,not_closed_shell,,,
libe-525965,rejected,disallowed_element,,,
libe-526248,rejected,disallowed_element,,,
libe-542218,rejected,disallowed_element,,,
libe-137500,rejected,not_closed_shell,,,
libe-175838,rejected,not_closed_shell,,,
libe-140707,rejected,not_closed_shell,,,
libe-140828,rejected,not_closed_shell,,,
libe-141009,rejected,not_closed_shell,,,
libe-516489,rejected,not_closed_shell,,,
libe-525633,rejected,not_closed_shell,,,
libe-528196,rejected,not_closed_shell,,,
libe-534565,rejected,not_closed_shell,,,
libe-529006,rejected,not_closed_shell,,,
libe-634348,rejected,mass_out_of_range,56.019999999999996,,
libe-225085,rejected,not_closed_shell,56.019999999999996,,
libe-514960,rejected,not_closed_shell,,,
libe-526182,rejected,not_closed_shell,,,
libe-526857,rejected,not_closed_shell,,,
libe-526938,rejected,not_closed_shell,,,
libe-528181,rejected,not_closed_shell,,,
libe-515336,rejected,not_closed_shell,,,
libe-135957,rejected,disallowed_element,,,
libe-135969,rejected,disallowed_element,,,
libe-136133,rejected,disallowed_element,,,
libe-136287,rejected,disallowed_element,,,
libe-136905,rejected,disallowed_element,,,
libe-136911,rejected,disallowed_element,,,
libe-206122,rejected,disallowed_element,,,
libe-206229,rejected,disallowed_element,,,
libe-206254,rejected,disallowed_element,,,
libe-206265,rejected,disallowed_element,,,
libe-206316,rejected,disallowed_element,,,
libe-206401,rejected,disallowed_element,,,
libe-206409,rejected,disallowed_element,,,
libe-206549,rejected,disallowed_element,,,
libe-207057,rejected,disallowed_element,,,
libe-207092,rejected,disallowed_element,,,
libe-211249,rejected,disallowed_element,,,
libe-226071,rejected,not_closed_shell,,,
libe-226107,rejected,not_closed_shell,,,
libe-226115,rejected,not_closed_shell,,,
libe-641772,rejected,not_closed_shell,,,
libe-641773,rejected,not_closed_shell,,,
libe-641791,rejected,not_closed_shell,,,
libe-641828,rejected,not_closed_shell,,,
libe-641856,rejected,not_closed_shell,,,
libe-641909,rejected,not_closed_shell,,,
libe-641910,rejected,not_closed_shell,,,
libe-642020,rejected,not_closed_shell,,,
libe-545354,rejected,disallowed_element,,,
libe-631402,rejected,disallowed_element,,,
libe-631405,rejected,disallowed_element,,,
libe-631417,rejected,disallowed_element,,,
libe-631482,rejected,disallowed_element,,,
libe-631511,rejected,disallowed_element,,,
libe-631808,rejected,disallowed_element,,,
libe-631854,rejected,disallowed_element,,,
libe-632048,rejected,disallowed_element,,,
libe-115785,rejected,disallowed_element,,,
libe-115786,rejected,disallowed_element,,,
libe-115788,rejected,disallowed_element,,,
libe-121679,rejected,disallowed_element,,,
libe-120985,accepted,,176.124,libe-121605,libe-121585
libe-120986,rejected,missing_cation_match,176.124,,
libe-120987,accepted,,176.124,libe-121593,libe-121597
libe-120991,rejected,missing_anion_match,176.124,libe-121590,
libe-120993,accepted,,176.124,libe-121595,libe-121586
libe-120994,rejected,missing_cation_match,176.124,,
libe-121609,accepted,,176.124,libe-121594,libe-121589
libe-208520,rejected,not_closed_shell,,,
libe-208717,rejected,not_closed_shell,,,
libe-210348,rejected,not_closed_shell,,,
libe-509876,rejected,disallowed_element,,,
libe-520872,rejected,disallowed_element,,,
libe-501909,rejected,disallowed_element,,,
libe-502011,rejected,disallowed_element,,,
libe-517687,rejected,not_closed_shell,,,
libe-520097,rejected,not_closed_shell,,,
libe-542254,rejected,not_closed_shell,,,
libe-121331,accepted,,144.126,libe-121407,libe-121406
libe-121612,rejected,missing_cation_match,144.126,,
libe-631228,rejected,missing_cation_match,144.126,,
libe-519793,rejected,disallowed_element,,,
libe-521083,rejected,disallowed_element,,,
libe-527435,rejected,disallowed_element,,,
libe-542498,rejected,disallowed_element,,,
libe-542533,rejected,disallowed_element,,,
libe-542593,rejected,disallowed_element,,,
libe-542616,rejected,disallowed_element,,,
libe-506841,rejected,disallowed_element,,,
libe-539744,rejected,not_closed_shell,,,
libe-118112,rejected,disallowed_element,,,
libe-118128,rejected,disallowed_element,,,
libe-173846,rejected,disallowed_element,,,
libe-173861,rejected,disallowed_element,,,
libe-173877,rejected,disallowed_element,,,
libe-173888,rejected,disallowed_element,,,
libe-173889,rejected,disallowed_element,,,
libe-173898,rejected,disallowed_element,,,
libe-173903,rejected,disallowed_element,,,
libe-173914,rejected,disallowed_element,,,
libe-173926,rejected,disallowed_element,,,
libe-173930,rejected,disallowed_element,,,
libe-173938,rejected,disallowed_element,,,
libe-174123,rejected,disallowed_element,,,
libe-174294,rejected,disallowed_element,,,
libe-174338,rejected,disallowed_element,,,
libe-174500,rejected,disallowed_element,,,
libe-220555,rejected,disallowed_element,,,
libe-221828,rejected,disallowed_element,,,
libe-223216,rejected,disallowed_element,,,
libe-631884,rejected,disallowed_element,,,
libe-631922,rejected,disallowed_element,,,
libe-631928,rejected,disallowed_element,,,
libe-632114,rejected,disallowed_element,,,
libe-510502,rejected,not_closed_shell,,,
libe-514502,rejected,not_closed_shell,,,
libe-520123,rejected,not_closed_shell,,,
libe-529079,rejected,not_closed_shell,,,
libe-529180,rejected,not_closed_shell,,,
libe-208959,rejected,disallowed_element,,,
libe-641210,rejected,not_closed_shell,,,
libe-510554,rejected,disallowed_element,,,
libe-510575,rejected,disallowed_element,,,
libe-510983,rejected,disallowed_element,,,
libe-514906,rejected,disallowed_element,,,
libe-516634,rejected,disallowed_element,,,
libe-517534,rejected,disallowed_element,,,
libe-520441,rejected,disallowed_element,,,
libe-522961,rejected,disallowed_element,,,
libe-524708,rejected,disallowed_element,,,
libe-524724,rejected,disallowed_element,,,
libe-525605,rejected,disallowed_element,,,
libe-526211,rejected,disallowed_element,,,
libe-528883,rejected,disallowed_element,,,
libe-528918,rejected,disallowed_element,,,
libe-116258,accepted,,80.042,libe-116836,libe-116871
libe-226913,rejected,not_closed_shell,80.042,,
libe-121650,rejected,disallowed_element,,,
libe-225648,rejected,not_closed_shell,,,
libe-545756,rejected,not_closed_shell,,,
libe-525817,rejected,not_closed_shell,,,
libe-120686,rejected,not_closed_shell,,,
libe-120692,rejected,not_closed_shell,,,
libe-120694,rejected,not_closed_shell,,,
libe-120703,rejected,not_closed_shell,,,
libe-120704,rejected,not_closed_shell,,,
libe-120714,rejected,not_closed_shell,,,
libe-120716,rejected,not_closed_shell,,,
libe-120719,rejected,not_closed_shell,,,
libe-120733,rejected,not_closed_shell,,,
libe-137240,rejected,not_closed_shell,,,
libe-192746,rejected,not_closed_shell,,,
libe-192777,rejected,not_closed_shell,,,
libe-631436,rejected,not_closed_shell,,,
libe-631447,rejected,not_closed_shell,,,
libe-631449,rejected,not_closed_shell,,,
libe-631454,rejected,not_closed_shell,,,
libe-631464,rejected,not_closed_shell,,,
libe-631497,rejected,not_closed_shell,,,
libe-631501,rejected,not_closed_shell,,,
libe-631502,rejected,not_closed_shell,,,
libe-631506,rejected,not_closed_shell,,,
libe-631510,rejected,not_closed_shell,,,
libe-631512,rejected,not_closed_shell,,,
libe-116813,rejected,not_closed_shell,,,
libe-511148,rejected,not_closed_shell,,,
libe-511204,rejected,not_closed_shell,,,
libe-520092,rejected,not_closed_shell,,,
libe-520101,rejected,not_closed_shell,,,
libe-520616,rejected,not_closed_shell,,,
libe-521994,rejected,not_closed_shell,,,
libe-525855,rejected,not_closed_shell,,,
libe-528176,rejected,not_closed_shell,,,
libe-539872,rejected,not_closed_shell,,,
libe-542126,rejected,not_closed_shell,,,
libe-120182,rejected,not_closed_shell,,,
libe-120189,rejected,not_closed_shell,,,
libe-118233,accepted,,100.11699999999999,libe-121315,libe-121026
libe-118257,rejected,missing_cation_match,100.11699999999999,,
libe-174540,accepted,,100.11699999999999,libe-174587,libe-174592
libe-174546,accepted,,100.11699999999999,libe-174716,libe-174556
libe-174643,accepted,,100.11699999999999,libe-174594,libe-174622
libe-121341,rejected,not_closed_shell,,,
libe-121353,rejected,not_closed_shell,,,
libe-137348,rejected,not_closed_shell,,,
libe-137349,rejected,not_closed_shell,,,
libe-137367,rejected,not_closed_shell,,,
libe-511285,rejected,not_closed_shell,,,
libe-516644,rejected,not_closed_shell,,,
libe-519227,rejected,not_closed_shell,,,
libe-520304,rejected,not_closed_shell,,,
libe-522858,rejected,not_closed_shell,,,
libe-527119,rejected,not_closed_shell,,,
libe-527756,rejected,not_closed_shell,,,
libe-528336,rejected,not_closed_shell,,,
libe-528892,rejected,not_closed_shell,,,
libe-529140,rejected,not_closed_shell,,,
libe-497492,rejected,disallowed_element,,,
libe-497498,rejected,disallowed_element,,,
libe-640482,rejected,not_closed_shell,,,
libe-640485,rejected,not_closed_shell,,,
libe-121261,accepted,,132.11499999999998,libe-121022,libe-120872
libe-121268,rejected,missing_cation_match,132.11499999999998,,
libe-136285,rejected,disallowed_element,,,
libe-136392,rejected,disallowed_element,,,
libe-136548,rejected,disallowed_element,,,
libe-136618,rejected,disallowed_element,,,
libe-173775,rejected,disallowed_element,,,
libe-173811,rejected,disallowed_element,,,
libe-173833,rejected,disallowed_element,,,
libe-510856,rejected,disallowed_element,,,
libe-642083,rejected,not_closed_shell,,,
libe-515396,rejected,disallowed_element,,,
libe-528101,rejected,disallowed_element,,,
libe-542372,rejected,disallowed_element,,,
libe-117329,rejected,not_closed_shell,,,
libe-511023,rejected,disallowed_element,,,
libe-631304,rejected,disallowed_element,,,
libe-632217,rejected,disallowed_element,,,
libe-501814,rejected,disallowed_element,,,
libe-525788,rejected,not_closed_shell,,,
libe-119939,rejected,not_closed_shell,,,
libe-119946,rejected,not_closed_shell,,,
libe-119947,rejected,not_closed_shell,,,
libe-119948,rejected,not_closed_shell,,,
libe-119949,rejected,not_closed_shell,,,
libe-119951,rejected,not_closed_shell,,,
libe-119952,rejected,not_closed_shell,,,
libe-119953,rejected,not_closed_shell,,,
libe-119956,rejected,not_closed_shell,,,
libe-119957,rejected,not_closed_shell,,,
libe-119961,rejected,not_closed_shell,,,
libe-119962,rejected,not_closed_shell,,,
libe-119966,rejected,not_closed_shell,,,
libe-119967,rejected,not_closed_shell,,,
libe-119968,rejected,not_closed_shell,,,
libe-119970,rejected,not_closed_shell,,,
libe-119971,rejected,not_closed_shell,,,
libe-119972,rejected,not_closed_shell,,,
libe-119974,rejected,not_closed_shell,,,
libe-119975,rejected,not_closed_shell,,,
libe-119976,rejected,not_closed_shell,,,
libe-119978,rejected,not_closed_shell,,,
libe-119979,rejected,not_closed_shell,,,
libe-119980,rejected,not_closed_shell,,,
libe-119981,rejected,not_closed_shell,,,
libe-132440,rejected,not_closed_shell,,,
libe-119986,rejected,not_closed_shell,,,
libe-119991,rejected,not_closed_shell,,,
libe-119992,rejected,not_closed_shell,,,
libe-119995,rejected,not_closed_shell,,,
libe-119998,rejected,not_closed_shell,,,
libe-120022,rejected,not_closed_shell,,,
libe-132446,rejected,not_closed_shell,,,
libe-514418,rejected,not_closed_shell,,,
libe-515480,rejected,not_closed_shell,,,
libe-517162,rejected,not_closed_shell,,,
libe-520119,rejected,not_closed_shell,,,
libe-520428,rejected,not_closed_shell,,,
libe-523521,rejected,not_closed_shell,,,
libe-524832,rejected,not_closed_shell,,,
libe-524981,rejected,not_closed_shell,,,
libe-525759,rejected,not_closed_shell,,,
libe-526265,rejected,not_closed_shell,,,
libe-527987,rejected,not_closed_shell,,,
libe-528471,rejected,not_closed_shell,,,
libe-529136,rejected,not_closed_shell,,,
libe-535259,rejected,not_closed_shell,,,
libe-535810,rejected,not_closed_shell,,,
libe-535881,rejected,not_closed_shell,,,
libe-542101,rejected,not_closed_shell,,,
libe-542521,rejected,not_closed_shell,,,
libe-527415,rejected,disallowed_element,,,
libe-525385,rejected,not_closed_shell,,,
libe-501566,rejected,not_closed_shell,,,
libe-501588,rejected,not_closed_shell,,,
libe-501591,rejected,not_closed_shell,,,
libe-501598,rejected,not_closed_shell,,,
libe-141531,rejected,disallowed_element,,,
libe-427469,rejected,disallowed_element,,,
libe-121476,rejected,not_closed_shell,159.11700000000002,,
libe-121478,rejected,not_closed_shell,159.11700000000002,,
libe-121485,rejected,not_closed_shell,159.11700000000002,,
libe-121510,rejected,not_closed_shell,159.11700000000002,,
libe-121512,rejected,not_closed_shell,159.11700000000002,,
libe-121513,rejected,not_closed_shell,159.11700000000002,,
libe-121515,rejected,not_closed_shell,159.11700000000002,,
libe-121516,rejected,not_closed_shell,159.11700000000002,,
libe-121517,rejected,not_closed_shell,159.11700000000002,,
libe-132160,rejected,not_closed_shell,159.11700000000002,,
libe-132202,rejected,not_closed_shell,159.11700000000002,,
libe-115776,rejected,disallowed_element,,,
libe-115778,rejected,disallowed_element,,,
libe-226582,rejected,not_closed_shell,,,
libe-117185,rejected,not_closed_shell,,,
libe-116621,rejected,not_closed_shell,53.083999999999996,,
libe-116623,rejected,not_closed_shell,53.083999999999996,,
libe-116630,rejected,not_closed_shell,53.083999999999996,,
libe-116635,rejected,not_closed_shell,53.083999999999996,,
libe-116654,rejected,not_closed_shell,53.083999999999996,,
libe-121521,rejected,not_closed_shell,,,
libe-121562,rejected,not_closed_shell,,,
libe-121563,rejected,not_closed_shell,,,
libe-121564,rejected,not_closed_shell,,,
libe-121565,rejected,not_closed_shell,,,
libe-121569,rejected,not_closed_shell,,,
libe-132186,rejected,not_closed_shell,,,
libe-132248,rejected,not_closed_shell,,,
libe-132251,rejected,not_closed_shell,,,
libe-501821,rejected,not_closed_shell,154.13400000000001,,
libe-121845,rejected,not_closed_shell,,,
libe-121846,rejected,not_closed_shell,,,
libe-631461,rejected,not_closed_shell,,,
libe-631474,rejected,not_closed_shell,,,
libe-631484,rejected,not_closed_shell,,,
libe-631492,rejected,not_closed_shell,,,
libe-631520,rejected,not_closed_shell,,,
libe-631558,rejected,not_closed_shell,,,
libe-631599,rejected,not_closed_shell,,,
libe-631699,rejected,not_closed_shell,,,
libe-631708,rejected,not_closed_shell,,,
libe-631744,rejected,not_closed_shell,,,
libe-631774,rejected,not_closed_shell,,,
libe-631863,rejected,not_closed_shell,,,
libe-631961,rejected,not_closed_shell,,,
libe-632088,rejected,not_closed_shell,,,
libe-632091,rejected,not_closed_shell,,,
libe-632151,rejected,not_closed_shell,,,
libe-632163,rejected,not_closed_shell,,,
libe-632191,rejected,not_closed_shell,,,
libe-632206,rejected,not_closed_shell,,,
libe-632299,rejected,not_closed_shell,,,
libe-632303,rejected,not_closed_shell,,,
libe-632317,rejected,not_closed_shell,,,
libe-632346,rejected,not_closed_shell,,,
libe-632350,rejected,not_closed_shell,,,
libe-632367,rejected,not_closed_shell,,,
libe-632377,rejected,not_closed_shell,,,
libe-632382,rejected,not_closed_shell,,,
libe-632387,rejected,not_closed_shell,,,
libe-632396,rejected,not_closed_shell,,,
libe-632401,rejected,not_closed_shell,,,
libe-632407,rejected,not_closed_shell,,,
libe-632409,rejected,not_closed_shell,,,
libe-632426,rejected,not_closed_shell,,,
libe-632431,rejected,not_closed_shell,,,
libe-632432,rejected,not_closed_shell,,,
libe-632437,rejected,not_closed_shell,,,
libe-632447,rejected,not_closed_shell,,,
libe-632488,rejected,not_closed_shell,,,
libe-632492,rejected,not_closed_shell,,,
libe-632493,rejected,not_closed_shell,,,
libe-632513,rejected,not_closed_shell,,,
libe-632531,rejected,not_closed_shell,,,
libe-632539,rejected,not_closed_shell,,,
libe-632555,rejected,not_closed_shell,,,
libe-632570,rejected,not_closed_shell,,,
libe-632572,rejected,not_closed_shell,,,
libe-632590,rejected,not_closed_shell,,,
libe-632606,rejected,not_closed_shell,,,
libe-632609,rejected,not_closed_shell,,,
libe-632615,rejected,not_closed_shell,,,
libe-632617,rejected,not_closed_shell,,,
libe-632624,rejected,not_closed_shell,,,
libe-632625,rejected,not_closed_shell,,,
libe-502606,rejected,not_closed_shell,,,
libe-117654,rejected,not_closed_shell,,,
libe-119041,rejected,not_closed_shell,,,
libe-120258,rejected,not_closed_shell,,,
libe-120289,rejected,not_closed_shell,,,
libe-178225,rejected,not_closed_shell,,,
libe-634360,rejected,not_closed_shell,,,
libe-634373,rejected,not_closed_shell,,,
libe-634425,rejected,not_closed_shell,,,
libe-140750,rejected,not_closed_shell,,,
libe-140796,rejected,not_closed_shell,,,
libe-140811,rejected,not_closed_shell,,,
libe-141018,rejected,not_closed_shell,,,
libe-497546,rejected,disallowed_element,,,
libe-642720,rejected,not_closed_shell,,,
libe-523896,rejected,not_closed_shell,,,
libe-501565,rejected,not_closed_shell,,,
libe-501567,rejected,not_closed_shell,,,
libe-501587,rejected,not_closed_shell,,,
libe-501618,rejected,not_closed_shell,,,
libe-509913,rejected,not_closed_shell,,,
libe-511227,rejected,not_closed_shell,,,
libe-511246,rejected,not_closed_shell,,,
libe-515324,rejected,not_closed_shell,,,
libe-516362,rejected,not_closed_shell,,,
libe-517115,rejected,not_closed_shell,,,
libe-519452,rejected,not_closed_shell,,,
libe-523714,rejected,not_closed_shell,,,
libe-527989,rejected,not_closed_shell,,,
libe-528416,rejected,not_closed_shell,,,
libe-528827,rejected,not_closed_shell,,,
libe-536143,rejected,not_closed_shell,,,
libe-118536,rejected,mass_out_of_range,60.05199999999999,,
libe-118538,rejected,mass_out_of_range,60.05199999999999,,
libe-118550,rejected,mass_out_of_range,60.05199999999999,,
libe-228055,rejected,not_closed_shell,60.05199999999999,,
libe-228072,rejected,not_closed_shell,60.05199999999999,,
libe-228383,rejected,not_closed_shell,60.05199999999999,,
libe-509963,rejected,disallowed_element,,,
libe-510602,rejected,disallowed_element,,,
libe-511311,rejected,disallowed_element,,,
libe-514686,rejected,disallowed_element,,,
libe-514692,rejected,disallowed_element,,,
libe-515520,rejected,disallowed_element,,,
libe-516652,rejected,disallowed_element,,,
libe-519159,rejected,disallowed_element,,,
libe-519307,rejected,disallowed_element,,,
libe-519966,rejected,disallowed_element,,,
libe-520339,rejected,disallowed_element,,,
libe-520952,rejected,disallowed_element,,,
libe-522954,rejected,disallowed_element,,,
libe-523584,rejected,disallowed_element,,,
libe-526115,rejected,disallowed_element,,,
libe-528212,rejected,disallowed_element,,,
libe-528701,rejected,disallowed_element,,,
libe-528999,rejected,disallowed_element,,,
libe-535663,rejected,disallowed_element,,,
libe-118556,rejected,not_closed_shell,,,
libe-118674,rejected,not_closed_shell,,,
libe-132315,rejected,not_closed_shell,,,
libe-119144,rejected,disallowed_element,,,
libe-631168,rejected,disallowed_element,,,
libe-639648,rejected,not_closed_shell,,,
libe-639805,rejected,not_closed_shell,,,
libe-119193,rejected,not_closed_shell,,,
libe-132272,rejected,not_closed_shell,,,
libe-120278,rejected,not_closed_shell,,,
libe-120290,rejected,not_closed_shell,,,
libe-634404,rejected,not_closed_shell,,,
libe-140871,rejected,disallowed_element,,,
libe-137685,rejected,disallowed_element,,,
libe-210566,rejected,disallowed_element,,,
libe-210641,rejected,disallowed_element,,,
libe-225504,rejected,not_closed_shell,,,
libe-640327,rejected,not_closed_shell,,,
libe-640360,rejected,not_closed_shell,,,
libe-514377,rejected,disallowed_element,,,
libe-515146,rejected,disallowed_element,,,
libe-515543,rejected,disallowed_element,,,
libe-516020,rejected,disallowed_element,,,
libe-517558,rejected,disallowed_element,,,
libe-520585,rejected,disallowed_element,,,
libe-522078,rejected,disallowed_element,,,
libe-523853,rejected,disallowed_element,,,
libe-526123,rejected,disallowed_element,,,
libe-528445,rejected,disallowed_element,,,
libe-529166,rejected,disallowed_element,,,
libe-529398,rejected,disallowed_element,,,
libe-535328,rejected,disallowed_element,,,
libe-535892,rejected,disallowed_element,,,
libe-535968,rejected,disallowed_element,,,
libe-535998,rejected,disallowed_element,,,
libe-539875,rejected,disallowed_element,,,
libe-542480,rejected,disallowed_element,,,
libe-542602,rejected,disallowed_element,,,
libe-545654,rejected,not_closed_shell,,,
libe-501242,rejected,not_closed_shell,,,
libe-497565,rejected,not_closed_shell,,,
libe-121814,accepted,,134.087,libe-132042,libe-121579
libe-525912,rejected,disallowed_element,,,
libe-511323,rejected,not_closed_shell,,,
libe-514721,rejected,not_closed_shell,,,
libe-515630,rejected,not_closed_shell,,,
libe-516643,rejected,not_closed_shell,,,
libe-516975,rejected,not_closed_shell,,,
libe-520592,rejected,not_closed_shell,,,
libe-522869,rejected,not_closed_shell,,,
libe-525791,rejected,not_closed_shell,,,
libe-526977,rejected,not_closed_shell,,,
libe-527985,rejected,not_closed_shell,,,
libe-528522,rejected,not_closed_shell,,,
libe-535616,rejected,not_closed_shell,,,
libe-539562,rejected,not_closed_shell,,,
libe-117867,rejected,not_closed_shell,,,
libe-118631,rejected,disallowed_element,,,
libe-137599,rejected,disallowed_element,,,
libe-637253,rejected,disallowed_element,,,
libe-225117,rejected,not_closed_shell,,,
libe-225161,rejected,not_closed_shell,,,
libe-173906,rejected,not_closed_shell,,,
libe-173964,rejected,not_closed_shell,,,
libe-138068,rejected,not_closed_shell,,,
libe-177200,rejected,not_closed_shell,,,
libe-178686,rejected,not_closed_shell,,,
libe-501878,rejected,not_closed_shell,,,
libe-501847,rejected,disallowed_element,,,
libe-515458,rejected,disallowed_element,,,
libe-117968,rejected,missing_cation_match,114.056,,
libe-118037,rejected,missing_anion_match,114.056,libe-132043,
libe-516746,rejected,disallowed_element,,,
libe-525838,rejected,disallowed_element,,,
libe-526229,rejected,disallowed_element,,,
libe-135987,rejected,not_closed_shell,,,
libe-137121,rejected,not_closed_shell,,,
libe-137668,rejected,not_closed_shell,,,
libe-179109,rejected,not_closed_shell,,,
libe-179339,rejected,not_closed_shell,,,
libe-223940,rejected,not_closed_shell,,,
libe-141197,rejected,disallowed_element,,,
libe-527732,rejected,disallowed_element,,,
libe-528135,rejected,not_closed_shell,,,
libe-528769,rejected,not_closed_shell,,,
libe-141108,rejected,not_closed_shell,,,
libe-137881,rejected,not_closed_shell,,,
libe-159176,rejected,not_closed_shell,,,
libe-173460,rejected,not_closed_shell,,,
libe-173485,rejected,not_closed_shell,,,
libe-211425,rejected,not_closed_shell,,,
libe-211782,rejected,not_closed_shell,,,
libe-497461,rejected,disallowed_element,,,
libe-639667,rejected,not_closed_shell,,,
libe-115772,rejected,mass_out_of_range,42.081,,
libe-116625,rejected,mass_out_of_range,42.081,,
libe-224894,rejected,not_closed_shell,42.081,,
libe-225156,rejected,not_closed_shell,42.081,,
libe-138241,rejected,disallowed_element,,,
libe-177840,rejected,disallowed_element,,,
libe-178424,rejected,disallowed_element,,,
libe-179562,rejected,disallowed_element,,,
libe-179607,rejected,disallowed_element,,,
libe-180196,rejected,disallowed_element,,,
libe-221838,rejected,disallowed_element,,,
libe-222208,rejected,disallowed_element,,,
libe-222520,rejected,disallowed_element,,,
libe-520780,rejected,disallowed_element,,,
libe-525858,rejected,disallowed_element,,,
libe-120847,rejected,not_closed_shell,105.069,,
libe-120848,rejected,not_closed_shell,105.069,,
libe-120849,rejected,not_closed_shell,105.069,,
libe-121150,rejected,not_closed_shell,105.069,,
libe-502228,rejected,not_closed_shell,,,
libe-502108,rejected,disallowed_element,,,
libe-502165,rejected,disallowed_element,,,
libe-135810,rejected,disallowed_element,,,
libe-135816,rejected,disallowed_element,,,
libe-224696,rejected,not_closed_shell,,,
libe-224777,rejected,not_closed_shell,,,
libe-528742,rejected,not_closed_shell,,,
libe-510973,rejected,disallowed_element,,,
libe-514677,rejected,disallowed_element,,,
libe-514976,rejected,disallowed_element,,,
libe-515044,rejected,disallowed_element,,,
libe-516522,rejected,disallowed_element,,,
libe-526291,rejected,disallowed_element,,,
libe-528564,rejected,disallowed_element,,,
libe-529178,rejected,disallowed_element,,,
libe-529222,rejected,disallowed_element,,,
libe-138041,rejected,not_closed_shell,,,
libe-515658,rejected,disallowed_element,,,
libe-528254,rejected,disallowed_element,,,
libe-641223,rejected,not_closed_shell,,,
libe-641226,rejected,not_closed_shell,,,
libe-501577,rejected,disallowed_element,,,
libe-121221,rejected,disallowed_element,,,
libe-121223,rejected,disallowed_element,,,
libe-121224,rejected,disallowed_element,,,
libe-132143,rejected,disallowed_element,,,
libe-132153,rejected,disallowed_element,,,
libe-132165,rejected,disallowed_element,,,
libe-132166,rejected,disallowed_element,,,
libe-132188,rejected,disallowed_element,,,
libe-132220,rejected,disallowed_element,,,
libe-132241,rejected,disallowed_element,,,
libe-132249,rejected,disallowed_element,,,
libe-631321,rejected,disallowed_element,,,
libe-631328,rejected,disallowed_element,,,
libe-631336,rejected,disallowed_element,,,
libe-117602,accepted,,102.045,libe-120179,libe-120208
libe-117608,rejected,missing_cation_match,102.045,,
libe-117616,accepted,,102.045,libe-120194,libe-120195
libe-117644,rejected,missing_cation_match,102.045,,
libe-120896,rejected,not_closed_shell,,,
libe-120900,rejected,not_closed_shell,,,
libe-120901,rejected,not_closed_shell,,,
libe-120904,rejected,not_closed_shell,,,
libe-173862,rejected,not_closed_shell,,,
libe-173867,rejected,not_closed_shell,,,
libe-173868,rejected,not_closed_shell,,,
libe-174048,rejected,not_closed_shell,,,
libe-174306,rejected,not_closed_shell,,,
libe-174354,rejected,not_closed_shell,,,
libe-631242,rejected,not_closed_shell,,,
libe-631255,rejected,not_closed_shell,,,
libe-501888,rejected,not_closed_shell,,,
libe-115926,rejected,mass_out_of_range,14.027,,
libe-225496,rejected,not_closed_shell,14.027,,
libe-509547,rejected,not_closed_shell,,,
libe-510439,rejected,not_closed_shell,,,
libe-511157,rejected,not_closed_shell,,,
libe-514461,rejected,not_closed_shell,,,
libe-514478,rejected,not_closed_shell,,,
libe-515254,rejected,not_closed_shell,,,
libe-515721,rejected,not_closed_shell,,,
libe-516389,rejected,not_closed_shell,,,
libe-516727,rejected,not_closed_shell,,,
libe-517479,rejected,not_closed_shell,,,
libe-520979,rejected,not_closed_shell,,,
libe-521790,rejected,not_closed_shell,,,
libe-522774,rejected,not_closed_shell,,,
libe-522804,rejected,not_closed_shell,,,
libe-523876,rejected,not_closed_shell,,,
libe-525848,rejected,not_closed_shell,,,
libe-525851,rejected,not_closed_shell,,,
libe-526825,rejected,not_closed_shell,,,
libe-529060,rejected,not_closed_shell,,,
libe-537177,rejected,not_closed_shell,,,
libe-118650,rejected,disallowed_element,,,
libe-224792,rejected,not_closed_shell,,,
libe-121818,rejected,not_closed_shell,,,
libe-121819,rejected,not_closed_shell,,,
libe-121820,rejected,not_closed_shell,,,
libe-121821,rejected,not_closed_shell,,,
libe-121822,rejected,not_closed_shell,,,
libe-121823,rejected,not_closed_shell,,,
libe-121825,rejected,not_closed_shell,,,
libe-132244,rejected,not_closed_shell,,,
libe-118680,rejected,mass_out_of_range,60.007999999999996,,
libe-200464,rejected,mass_out_of_range,60.007999999999996,,
libe-225417,rejected,not_closed_shell,60.007999999999996,,
libe-518933,rejected,not_closed_shell,,,
libe-524732,rejected,disallowed_element,,,
libe-115935,rejected,mass_out_of_range,26.037999999999997,,
libe-115936,rejected,mass_out_of_range,26.037999999999997,,
libe-224567,rejected,not_closed_shell,26.037999999999997,,
libe-224591,rejected,not_closed_shell,26.037999999999997,,
libe-137236,rejected,not_closed_shell,,,
libe-115947,rejected,mass_out_of_range,38.049,,
libe-115949,rejected,mass_out_of_range,38.049,,
libe-115950,rejected,mass_out_of_range,38.049,,
libe-224609,rejected,not_closed_shell,38.049,,
libe-224610,rejected,not_closed_shell,38.049,,
libe-224662,rejected,not_closed_shell,38.049,,
libe-519717,rejected,not_closed_shell,,,
libe-138314,rejected,disallowed_element,,,
libe-138327,rejected,disallowed_element,,,
libe-178584,rejected,disallowed_element,,,
libe-179312,rejected,disallowed_element,,,
libe-180462,rejected,disallowed_element,,,
libe-220605,rejected,disallowed_element,,,
libe-222344,rejected,disallowed_element,,,
libe-222376,rejected,disallowed_element,,,
libe-222432,rejected,disallowed_element,,,
libe-222801,rejected,disallowed_element,,,
libe-223601,rejected,disallowed_element,,,
libe-514563,rejected,disallowed_element,,,
libe-515093,rejected,disallowed_element,,,
libe-515768,rejected,disallowed_element,,,
libe-516791,rejected,disallowed_element,,,
libe-497695,rejected,not_closed_shell,,,
libe-115796,rejected,disallowed_element,,,
libe-638878,rejected,disallowed_element,,,
libe-225160,rejected,not_closed_shell,,,
libe-225276,rejected,not_closed_shell,,,
libe-523400,rejected,not_closed_shell,,,
libe-524341,rejected,not_closed_shell,,,
libe-527757,rejected,not_closed_shell,,,
libe-206876,rejected,not_closed_shell,,,
libe-207182,rejected,not_closed_shell,,,
libe-207471,rejected,not_closed_shell,,,
libe-497445,rejected,not_closed_shell,78.065,,
libe-135850,rejected,disallowed_element,,,
libe-136245,rejected,disallowed_element,,,
libe-136885,rejected,disallowed_element,,,
libe-174807,rejected,disallowed_element,,,
libe-225675,rejected,not_closed_shell,,,
libe-225683,rejected,not_closed_shell,,,
libe-517119,rejected,not_closed_shell,,,
libe-520436,rejected,not_closed_shell,,,
libe-525585,rejected,not_closed_shell,,,
libe-527998,rejected,not_closed_shell,,,
libe-534765,rejected,not_closed_shell,,,
libe-132009,rejected,not_closed_shell,,,
libe-132010,rejected,not_closed_shell,,,
libe-132013,rejected,not_closed_shell,,,
libe-132047,rejected,not_closed_shell,,,
libe-132053,rejected,not_closed_shell,,,
libe-518971,rejected,not_closed_shell,,,
libe-522852,rejected,not_closed_shell,,,
libe-538883,rejected,not_closed_shell,,,
libe-120592,rejected,disallowed_element,,,
libe-120593,rejected,disallowed_element,,,
libe-120595,rejected,disallowed_element,,,
libe-120596,rejected,disallowed_element,,,
libe-120597,rejected,disallowed_element,,,
libe-120607,rejected,disallowed_element,,,
libe-120608,rejected,disallowed_element,,,
libe-120618,rejected,disallowed_element,,,
libe-120659,rejected,disallowed_element,,,
libe-120660,rejected,disallowed_element,,,
libe-120661,rejected,disallowed_element,,,
libe-120662,rejected,disallowed_element,,,
libe-120667,rejected,disallowed_element,,,
libe-180261,rejected,disallowed_element,,,
libe-187158,rejected,disallowed_element,,,
libe-187374,rejected,disallowed_element,,,
libe-119868,rejected,not_closed_shell,,,
libe-119870,rejected,not_closed_shell,,,
libe-119877,rejected,not_closed_shell,,,
libe-119878,rejected,not_closed_shell,,,
libe-119881,rejected,not_closed_shell,,,
libe-119882,rejected,not_closed_shell,,,
libe-119883,rejected,not_closed_shell,,,
libe-119885,rejected,not_closed_shell,,,
libe-119887,rejected,not_closed_shell,,,
libe-119890,rejected,not_closed_shell,,,
libe-119898,rejected,not_closed_shell,,,
libe-119912,rejected,not_closed_shell,,,
libe-121794,rejected,not_closed_shell,99.065,,
libe-220828,rejected,not_closed_shell,99.065,,
libe-135846,rejected,not_closed_shell,,,
libe-135852,rejected,not_closed_shell,,,
libe-528848,rejected,not_closed_shell,,,
libe-514990,rejected,not_closed_shell,,,
libe-516988,rejected,not_closed_shell,,,
libe-517049,rejected,not_closed_shell,,,
libe-521139,rejected,not_closed_shell,,,
libe-528016,rejected,not_closed_shell,,,
libe-539331,rejected,not_closed_shell,,,
libe-118809,rejected,disallowed_element,,,
libe-638352,rejected,disallowed_element,,,
libe-118814,rejected,disallowed_element,,,
libe-118817,rejected,disallowed_element,,,
libe-118820,rejected,disallowed_element,,,
libe-137056,rejected,disallowed_element,,,
libe-183457,rejected,disallowed_element,,,
libe-183461,rejected,disallowed_element,,,
libe-202306,rejected,disallowed_element,,,
libe-631568,rejected,disallowed_element,,,
libe-631570,rejected,disallowed_element,,,
libe-631587,rejected,disallowed_element,,,
libe-631591,rejected,disallowed_element,,,
libe-639717,rejected,not_closed_shell,,,
libe-639720,rejected,not_closed_shell,,,
libe-639722,rejected,not_closed_shell,,,
libe-639723,rejected,not_closed_shell,,,
libe-639751,rejected,not_closed_shell,,,
libe-639811,rejected,not_closed_shell,,,
libe-639823,rejected,not_closed_shell,,,
libe-640039,rejected,not_closed_shell,,,
libe-115769,rejected,mass_out_of_range,62.023999999999994,,
libe-225522,rejected,not_closed_shell,62.023999999999994,,
libe-524559,rejected,disallowed_element,,,
libe-527172,rejected,disallowed_element,,,
libe-140896,rejected,disallowed_element,,,
libe-228037,rejected,not_closed_shell,,,
libe-121036,rejected,not_closed_shell,115.10799999999999,,
libe-121038,rejected,not_closed_shell,115.10799999999999,,
libe-121040,rejected,not_closed_shell,115.10799999999999,,
libe-121042,rejected,not_closed_shell,115.10799999999999,,
libe-121044,rejected,not_closed_shell,115.10799999999999,,
libe-121046,rejected,not_closed_shell,115.10799999999999,,
libe-121047,rejected,not_closed_shell,115.10799999999999,,
libe-121053,rejected,not_closed_shell,115.10799999999999,,
libe-121064,rejected,not_closed_shell,115.10799999999999,,
libe-121068,rejected,not_closed_shell,115.10799999999999,,
libe-121072,rejected,not_closed_shell,115.10799999999999,,
libe-117469,rejected,disallowed_element,,,
libe-117471,rejected,disallowed_element,,,
libe-117481,rejected,disallowed_element,,,
libe-117542,rejected,disallowed_element,,,
libe-117599,rejected,disallowed_element,,,
libe-115773,rejected,mass_out_of_range,46.069,,
libe-508259,rejected,mass_out_of_range,46.069,,
libe-642319,rejected,not_closed_shell,46.069,,
libe-136204,rejected,disallowed_element,,,
libe-206011,rejected,disallowed_element,,,
libe-224563,rejected,not_closed_shell,,,
libe-641599,rejected,not_closed_shell,,,
libe-524327,rejected,disallowed_element,,,
libe-545481,rejected,not_closed_shell,,,
libe-545695,rejected,not_closed_shell,,,
libe-117693,accepted,,86.09,libe-119788,libe-119775
libe-638112,accepted,,86.09,libe-119774,libe-119778
libe-117695,accepted,,86.09,libe-119786,libe-119815
libe-638142,accepted,,86.09,libe-119785,libe-132420
libe-638154,rejected,missing_cation_match,86.09,,
libe-117700,rejected,missing_cation_match,86.09,,
libe-117701,rejected,missing_cation_match,86.09,,
libe-117703,accepted,,86.09,libe-119771,libe-119769
libe-117706,accepted,,86.09,libe-119782,libe-119779
libe-117707,accepted,,86.09,libe-119777,libe-119804
libe-117708,rejected,missing_anion_match,86.09,libe-119810,
libe-637993,accepted,,86.09,libe-119803,libe-119832
libe-117712,accepted,,86.09,libe-119816,libe-119821
libe-117713,accepted,,86.09,libe-119807,libe-119806
libe-117714,accepted,,86.09,libe-119808,libe-119830
libe-638106,rejected,missing_cation_match,86.09,,
libe-117720,accepted,,86.09,libe-119842,libe-119811
libe-117721,accepted,,86.09,libe-119838,libe-119831
libe-117724,rejected,missing_anion_match,86.09,libe-119837,
libe-117725,rejected,missing_cation_match,86.09,,
libe-117727,rejected,missing_anion_match,86.09,libe-119844,
libe-117729,accepted,,86.09,libe-119826,libe-119847
libe-180732,accepted,,86.09,libe-181655,libe-180825
libe-180770,accepted,,86.09,libe-180956,libe-181157
libe-180862,accepted,,86.09,libe-181310,libe-180820
libe-180904,accepted,,86.09,libe-180778,libe-180969
libe-510559,accepted,,86.09,libe-510591,libe-510568
libe-639982,rejected,not_closed_shell,86.09,,
libe-639987,rejected,not_closed_shell,86.09,,
libe-639991,rejected,not_closed_shell,86.09,,
libe-639992,rejected,not_closed_shell,86.09,,
libe-639994,rejected,not_closed_shell,86.09,,
libe-639997,rejected,not_closed_shell,86.09,,
libe-640009,rejected,not_closed_shell,86.09,,
libe-640021,rejected,not_closed_shell,86.09,,
libe-640030,rejected,not_closed_shell,86.09,,
libe-640046,rejected,not_closed_shell,86.09,,
libe-640049,rejected,not_closed_shell,86.09,,
libe-640058,rejected,not_closed_shell,86.09,,
libe-640059,rejected,not_closed_shell,86.09,,
libe-640068,rejected,not_closed_shell,86.09,,
libe-640085,rejected,not_closed_shell,86.09,,
libe-640100,rejected,not_closed_shell,86.09,,
libe-640101,rejected,not_closed_shell,86.09,,
libe-640103,rejected,not_closed_shell,86.09,,
libe-640105,rejected,not_closed_shell,86.09,,
libe-640156,rejected,not_closed_shell,86.09,,
libe-640175,rejected,not_closed_shell,86.09,,
libe-640203,rejected,not_closed_shell,86.09,,
libe-640220,rejected,not_closed_shell,86.09,,
libe-640221,rejected,not_closed_shell,86.09,,
libe-640240,rejected,not_closed_shell,86.09,,
libe-141437,rejected,not_closed_shell,,,
libe-141524,rejected,not_closed_shell,,,
libe-173720,rejected,not_closed_shell,,,
libe-219973,rejected,not_closed_shell,,,
libe-120152,rejected,not_closed_shell,101.03699999999999,,
libe-120202,rejected,not_closed_shell,101.03699999999999,,
libe-511267,rejected,disallowed_element,,,
libe-521773,rejected,disallowed_element,,,
libe-528620,rejected,disallowed_element,,,
libe-514777,rejected,disallowed_element,,,
libe-642180,rejected,not_closed_shell,,,
libe-501711,rejected,disallowed_element,,,
libe-544991,rejected,disallowed_element,,,
libe-545039,rejected,disallowed_element,,,
libe-545070,rejected,disallowed_element,,,
libe-121685,rejected,disallowed_element,,,
libe-121755,rejected,disallowed_element,,,
libe-141022,rejected,disallowed_element,,,
libe-141511,rejected,disallowed_element,,,
libe-526769,rejected,disallowed_element,,,
libe-224483,rejected,disallowed_element,,,
libe-136066,rejected,not_closed_shell,,,
libe-173628,rejected,not_closed_shell,,,
libe-208516,rejected,not_closed_shell,,,
libe-208718,rejected,not_closed_shell,,,
libe-141176,rejected,not_closed_shell,,,
libe-141220,rejected,not_closed_shell,,,
libe-141327,rejected,not_closed_shell,,,
libe-141468,rejected,not_closed_shell,,,
libe-141529,rejected,not_closed_shell,,,
libe-141542,rejected,not_closed_shell,,,
libe-389860,rejected,not_closed_shell,,,
libe-397207,rejected,not_closed_shell,,,
libe-140701,rejected,disallowed_element,,,
libe-140721,rejected,disallowed_element,,,
libe-140804,rejected,disallowed_element,,,
libe-140812,rejected,disallowed_element,,,
libe-140955,rejected,disallowed_element,,,
libe-140980,rejected,disallowed_element,,,
libe-173707,rejected,disallowed_element,,,
libe-510434,rejected,not_closed_shell,,,
libe-121275,accepted,,160.125,libe-120881,libe-121572
libe-121276,rejected,missing_cation_match,160.125,,
libe-121288,accepted,,160.125,libe-121388,libe-121615
libe-121293,rejected,missing_cation_match,160.125,,
libe-121294,rejected,missing_cation_match,160.125,,
libe-121298,accepted,,160.125,libe-121591,libe-121624
libe-121301,accepted,,160.125,libe-121370,libe-121626
libe-121304,rejected,missing_cation_match,160.125,,
libe-121305,accepted,,160.125,libe-121435,libe-121617
libe-121306,rejected,missing_anion_match,160.125,libe-121392,
libe-121307,rejected,missing_cation_match,160.125,,
libe-121309,accepted,,160.125,libe-121394,libe-121616
libe-121320,accepted,,160.125,libe-121393,libe-121619
libe-140835,rejected,not_closed_shell,,,
libe-141005,rejected,not_closed_shell,,,
libe-514868,rejected,disallowed_element,,,
libe-520477,rejected,disallowed_element,,,
libe-520833,rejected,disallowed_element,,,
libe-525880,rejected,disallowed_element,,,
libe-527710,rejected,disallowed_element,,,
libe-640799,rejected,not_closed_shell,,,
libe-640800,rejected,not_closed_shell,,,
libe-640809,rejected,not_closed_shell,,,
libe-640884,rejected,not_closed_shell,,,
libe-640892,rejected,not_closed_shell,,,
libe-636775,rejected,disallowed_element,,,
libe-176416,rejected,disallowed_element,,,
libe-183470,rejected,disallowed_element,,,
libe-183521,rejected,disallowed_element,,,
libe-183555,rejected,disallowed_element,,,
libe-183616,rejected,disallowed_element,,,
libe-184768,rejected,disallowed_element,,,
libe-641623,rejected,not_closed_shell,,,
libe-641631,rejected,not_closed_shell,,,
libe-641632,rejected,not_closed_shell,,,
libe-641634,rejected,not_closed_shell,,,
libe-641635,rejected,not_closed_shell,,,
libe-641706,rejected,not_closed_shell,,,
libe-642102,rejected,not_closed_shell,,,
libe-173974,rejected,disallowed_element,,,
libe-173976,rejected,disallowed_element,,,
libe-175242,rejected,disallowed_element,,,
libe-524638,rejected,not_closed_shell,,,
libe-527219,rejected,not_closed_shell,,,
libe-117945,rejected,missing_cation_match,112.03999999999999,,
libe-520806,rejected,not_closed_shell,,,
libe-136276,rejected,not_closed_shell,,,
libe-136291,rejected,not_closed_shell,,,
libe-136489,rejected,not_closed_shell,,,
libe-136520,rejected,not_closed_shell,,,
libe-137293,rejected,not_closed_shell,,,
libe-137299,rejected,not_closed_shell,,,
libe-137301,rejected,not_closed_shell,,,
libe-137310,rejected,not_closed_shell,,,
libe-180579,rejected,not_closed_shell,,,
libe-180621,rejected,not_closed_shell,,,
libe-180638,rejected,not_closed_shell,,,
libe-180788,rejected,not_closed_shell,,,
libe-180835,rejected,not_closed_shell,,,
libe-180886,rejected,not_closed_shell,,,
libe-181398,rejected,not_closed_shell,,,
libe-181501,rejected,not_closed_shell,,,
libe-181685,rejected,not_closed_shell,,,
libe-182104,rejected,not_closed_shell,,,
libe-185891,rejected,not_closed_shell,,,
libe-221792,rejected,not_closed_shell,,,
libe-116127,rejected,disallowed_element,,,
libe-116150,rejected,disallowed_element,,,
libe-116151,rejected,disallowed_element,,,
libe-136904,rejected,disallowed_element,,,
libe-224758,rejected,not_closed_shell,,,
libe-224841,rejected,not_closed_shell,,,
libe-224846,rejected,not_closed_shell,,,
libe-224847,rejected,not_closed_shell,,,
libe-511067,rejected,not_closed_shell,,,
libe-516739,rejected,not_closed_shell,,,
libe-519485,rejected,not_closed_shell,,,
libe-501812,rejected,not_closed_shell,,,
libe-502006,rejected,not_closed_shell,,,
libe-545543,rejected,disallowed_element,,,
libe-640209,rejected,not_closed_shell,,,
libe-508614,rejected,disallowed_element,,,
libe-121102,rejected,disallowed_element,,,
libe-137594,rejected,not_closed_shell,,,
libe-137751,rejected,not_closed_shell,,,
libe-176801,rejected,not_closed_shell,,,
libe-497433,rejected,not_closed_shell,,,
libe-502203,rejected,not_closed_shell,,,
libe-502215,rejected,not_closed_shell,,,
libe-502317,rejected,not_closed_shell,,,
libe-502351,rejected,not_closed_shell,,,
libe-502355,rejected,not_closed_shell,,,
libe-502599,rejected,not_closed_shell,,,
libe-115768,rejected,mass_out_of_range,18.015,,
libe-509698,rejected,disallowed_element,,,
libe-121811,rejected,missing_cation_match,146.054,,
libe-120047,rejected,not_closed_shell,,,
libe-120048,rejected,not_closed_shell,,,
libe-120049,rejected,not_closed_shell,,,
libe-120050,rejected,not_closed_shell,,,
libe-120051,rejected,not_closed_shell,,,
libe-120052,rejected,not_closed_shell,,,
libe-120053,rejected,not_closed_shell,,,
libe-120054,rejected,not_closed_shell,,,
libe-120055,rejected,not_closed_shell,,,
libe-120056,rejected,not_closed_shell,,,
libe-120058,rejected,not_closed_shell,,,
libe-120059,rejected,not_closed_shell,,,
libe-120060,rejected,not_closed_shell,,,
libe-120061,rejected,not_closed_shell,,,
libe-120065,rejected,not_closed_shell,,,
libe-120066,rejected,not_closed_shell,,,
libe-120067,rejected,not_closed_shell,,,
libe-120074,rejected,not_closed_shell,,,
libe-120077,rejected,not_closed_shell,,,
libe-120089,rejected,not_closed_shell,,,
libe-120100,rejected,not_closed_shell,,,
libe-132463,rejected,not_closed_shell,,,
libe-141123,rejected,not_closed_shell,,,
libe-182011,rejected,not_closed_shell,,,
libe-182018,rejected,not_closed_shell,,,
libe-182149,rejected,not_closed_shell,,,
libe-182152,rejected,not_closed_shell,,,
libe-182163,rejected,not_closed_shell,,,
libe-182205,rejected,not_closed_shell,,,
libe-182775,rejected,not_closed_shell,,,
libe-183094,rejected,not_closed_shell,,,
libe-183338,rejected,not_closed_shell,,,
libe-183385,rejected,not_closed_shell,,,
libe-183781,rejected,not_closed_shell,,,
libe-184138,rejected,not_closed_shell,,,
libe-184189,rejected,not_closed_shell,,,
libe-186374,rejected,not_closed_shell,,,
libe-187548,rejected,not_closed_shell,,,
libe-189903,rejected,not_closed_shell,,,
libe-193271,rejected,not_closed_shell,,,
libe-115856,rejected,mass_out_of_range,68.031,,
libe-118693,rejected,mass_out_of_range,68.031,,
libe-118695,rejected,mass_out_of_range,68.031,,
libe-536383,rejected,mass_out_of_range,68.031,,
libe-225802,rejected,not_closed_shell,68.031,,
libe-225932,rejected,not_closed_shell,68.031,,
libe-642062,rejected,not_closed_shell,68.031,,
libe-137659,rejected,not_closed_shell,,,
libe-177279,rejected,not_closed_shell,,,
libe-178127,rejected,not_closed_shell,,,
libe-220609,rejected,not_closed_shell,,,
libe-138183,rejected,disallowed_element,,,
libe-138185,rejected,disallowed_element,,,
libe-510614,rejected,not_closed_shell,,,
libe-511150,rejected,not_closed_shell,,,
libe-511299,rejected,not_closed_shell,,,
libe-511341,rejected,not_closed_shell,,,
libe-514666,rejected,not_closed_shell,,,
libe-514811,rejected,not_closed_shell,,,
libe-515349,rejected,not_closed_shell,,,
libe-515715,rejected,not_closed_shell,,,
libe-517474,rejected,not_closed_shell,,,
libe-519871,rejected,not_closed_shell,,,
libe-520320,rejected,not_closed_shell,,,
libe-520465,rejected,not_closed_shell,,,
libe-520908,rejected,not_closed_shell,,,
libe-521048,rejected,not_closed_shell,,,
libe-524824,rejected,not_closed_shell,,,
libe-524835,rejected,not_closed_shell,,,
libe-524871,rejected,not_closed_shell,,,
libe-525828,rejected,not_closed_shell,,,
libe-527086,rejected,not_closed_shell,,,
libe-527932,rejected,not_closed_shell,,,
libe-528360,rejected,not_closed_shell,,,
libe-534736,rejected,not_closed_shell,,,
libe-535114,rejected,not_closed_shell,,,
libe-535615,rejected,not_closed_shell,,,
libe-535756,rejected,not_closed_shell,,,
libe-536016,rejected,not_closed_shell,,,
libe-539689,rejected,not_closed_shell,,,
libe-542185,rejected,not_closed_shell,,,
libe-136214,rejected,not_closed_shell,,,
libe-209568,rejected,not_closed_shell,,,
libe-501252,rejected,disallowed_element,,,
libe-117495,rejected,not_closed_shell,61.016,,
libe-119531,rejected,disallowed_element,,,
libe-121667,rejected,disallowed_element,,,
libe-642167,rejected,not_closed_shell,,,
libe-642198,rejected,not_closed_shell,,,
libe-519071,rejected,disallowed_element,,,
libe-523265,rejected,disallowed_element,,,
libe-118659,rejected,disallowed_element,,,
libe-119136,rejected,disallowed_element,,,
libe-225537,rejected,not_closed_shell,,,
libe-201789,rejected,not_closed_shell,31.034,,
libe-201793,rejected,not_closed_shell,31.034,,
libe-517582,rejected,disallowed_element,,,
libe-522240,rejected,disallowed_element,,,
libe-524311,rejected,disallowed_element,,,
libe-524587,rejected,disallowed_element,,,
libe-525561,rejected,disallowed_element,,,
libe-537170,rejected,disallowed_element,,,
libe-638553,rejected,mass_out_of_range,44.071,,
libe-641744,rejected,not_closed_shell,44.071,,
libe-135827,rejected,disallowed_element,,,
libe-135835,rejected,disallowed_element,,,
libe-137391,rejected,disallowed_element,,,
libe-137501,rejected,disallowed_element,,,
libe-194650,rejected,disallowed_element,,,
libe-194659,rejected,disallowed_element,,,
libe-225426,rejected,not_closed_shell,,,
libe-225430,rejected,not_closed_shell,,,
libe-225440,rejected,not_closed_shell,,,
libe-225441,rejected,not_closed_shell,,,
libe-642085,rejected,not_closed_shell,,,
libe-642096,rejected,not_closed_shell,,,
libe-115793,rejected,missing_cation_match,150.086,,
libe-137997,rejected,not_closed_shell,,,
libe-177358,rejected,not_closed_shell,,,
libe-177531,rejected,not_closed_shell,,,
libe-135895,rejected,disallowed_element,,,
libe-136951,rejected,disallowed_element,,,
libe-137650,rejected,disallowed_element,,,
libe-174824,rejected,disallowed_element,,,
libe-175127,rejected,disallowed_element,,,
libe-186709,rejected,disallowed_element,,,
libe-186828,rejected,disallowed_element,,,
libe-187552,rejected,disallowed_element,,,
libe-641270,rejected,not_closed_shell,,,
libe-641343,rejected,not_closed_shell,,,
libe-641355,rejected,not_closed_shell,,,
libe-641386,rejected,not_closed_shell,,,
libe-641484,rejected,not_closed_shell,,,
libe-641559,rejected,not_closed_shell,,,
libe-138291,rejected,not_closed_shell,,,
libe-138292,rejected,not_closed_shell,,,
libe-115878,rejected,not_closed_shell,,,
libe-117643,rejected,not_closed_shell,,,
libe-117645,rejected,not_closed_shell,,,
libe-141012,rejected,disallowed_element,,,
libe-141417,rejected,disallowed_element,,,
libe-141622,rejected,disallowed_element,,,
libe-525963,rejected,not_closed_shell,,,
libe-529155,rejected,not_closed_shell,,,
libe-501251,rejected,disallowed_element,,,
libe-118643,rejected,not_closed_shell,,,
libe-137647,rejected,not_closed_shell,,,
libe-117820,rejected,disallowed_element,,,
libe-117822,rejected,disallowed_element,,,
libe-117827,rejected,disallowed_element,,,
libe-136907,rejected,disallowed_element,,,
libe-225325,rejected,not_closed_shell,,,
libe-225375,rejected,not_closed_shell,,,
libe-225381,rejected,not_closed_shell,,,
libe-225456,rejected,not_closed_shell,,,
libe-225482,rejected,not_closed_shell,,,
libe-135802,rejected,not_closed_shell,,,
libe-135829,rejected,not_closed_shell,,,
libe-135831,rejected,not_closed_shell,,,
libe-135863,rejected,not_closed_shell,,,
libe-135896,rejected,not_closed_shell,,,
libe-136295,rejected,not_closed_shell,,,
libe-136679,rejected,not_closed_shell,,,
libe-137304,rejected,not_closed_shell,,,
libe-137816,rejected,not_closed_shell,,,
libe-137856,rejected,not_closed_shell,,,
libe-137936,rejected,not_closed_shell,,,
libe-140687,rejected,not_closed_shell,,,
libe-197347,rejected,not_closed_shell,,,
libe-197431,rejected,not_closed_shell,,,
libe-197448,rejected,not_closed_shell,,,
libe-197454,rejected,not_closed_shell,,,
libe-197465,rejected,not_closed_shell,,,
libe-197672,rejected,not_closed_shell,,,
libe-198063,rejected,not_closed_shell,,,
libe-198587,rejected,not_closed_shell,,,
libe-198885,rejected,not_closed_shell,,,
libe-199264,rejected,not_closed_shell,,,
libe-199554,rejected,not_closed_shell,,,
libe-223972,rejected,not_closed_shell,,,
libe-223982,rejected,not_closed_shell,,,
libe-224012,rejected,not_closed_shell,,,
libe-224181,rejected,not_closed_shell,,,
libe-224251,rejected,not_closed_shell,,,
libe-224292,rejected,not_closed_shell,,,
libe-136154,rejected,not_closed_shell,,,
libe-136198,rejected,not_closed_shell,,,
libe-136463,rejected,not_closed_shell,,,
libe-136573,rejected,not_closed_shell,,,
libe-137836,rejected,not_closed_shell,,,
libe-137958,rejected,not_closed_shell,,,
libe-189224,rejected,not_closed_shell,,,
libe-189353,rejected,not_closed_shell,,,
libe-189471,rejected,not_closed_shell,,,
libe-193320,rejected,not_closed_shell,,,
libe-193714,rejected,not_closed_shell,,,
libe-138097,rejected,not_closed_shell,,,
libe-138147,rejected,not_closed_shell,,,
libe-632004,rejected,not_closed_shell,,,
libe-632060,rejected,not_closed_shell,,,
libe-515785,rejected,disallowed_element,,,
libe-516128,rejected,disallowed_element,,,
libe-516417,rejected,disallowed_element,,,
libe-517670,rejected,disallowed_element,,,
libe-521104,rejected,disallowed_element,,,
libe-522595,rejected,disallowed_element,,,
libe-524806,rejected,disallowed_element,,,
libe-529334,rejected,disallowed_element,,,
libe-545166,rejected,disallowed_element,,,
libe-517509,rejected,disallowed_element,,,
libe-526156,rejected,disallowed_element,,,
libe-115787,rejected,disallowed_element,,,
libe-115790,rejected,disallowed_element,,,
libe-631160,rejected,disallowed_element,,,
libe-631184,rejected,disallowed_element,,,
libe-631608,rejected,disallowed_element,,,
libe-631645,rejected,disallowed_element,,,
libe-631819,rejected,disallowed_element,,,
libe-631862,rejected,disallowed_element,,,
libe-634006,rejected,disallowed_element,,,
libe-636049,rejected,disallowed_element,,,
libe-640976,rejected,not_closed_shell,,,
libe-132171,rejected,disallowed_element,,,
libe-132173,rejected,disallowed_element,,,
libe-132187,rejected,disallowed_element,,,
libe-132213,rejected,disallowed_element,,,
libe-132216,rejected,disallowed_element,,,
libe-632148,rejected,disallowed_element,,,
libe-632236,rejected,disallowed_element,,,
libe-632269,rejected,disallowed_element,,,
libe-632289,rejected,disallowed_element,,,
libe-632296,rejected,disallowed_element,,,
libe-632300,rejected,disallowed_element,,,
libe-632403,rejected,disallowed_element,,,
libe-632416,rejected,disallowed_element,,,
libe-632456,rejected,disallowed_element,,,
libe-632466,rejected,disallowed_element,,,
libe-632467,rejected,disallowed_element,,,
libe-632563,rejected,disallowed_element,,,
libe-544954,rejected,disallowed_element,,,
libe-510934,rejected,disallowed_element,,,
libe-528640,rejected,disallowed_element,,,
libe-641086,rejected,not_closed_shell,,,
libe-641121,rejected,not_closed_shell,,,
libe-501238,rejected,not_closed_shell,,,
libe-524356,rejected,disallowed_element,,,
libe-510945,rejected,disallowed_element,,,
libe-118018,accepted,,116.07199999999999,libe-131990,libe-131997
libe-514619,rejected,not_closed_shell,,,
libe-519859,rejected,not_closed_shell,,,
libe-121841,rejected,not_closed_shell,,,
libe-121849,rejected,not_closed_shell,,,
libe-121857,rejected,not_closed_shell,,,
libe-121858,rejected,not_closed_shell,,,
libe-121859,rejected,not_closed_shell,,,
libe-121860,rejected,not_closed_shell,,,
libe-121862,rejected,not_closed_shell,,,
libe-121863,rejected,not_closed_shell,,,
libe-121864,rejected,not_closed_shell,,,
libe-121865,rejected,not_closed_shell,,,
libe-121866,rejected,not_closed_shell,,,
libe-121867,rejected,not_closed_shell,,,
libe-121868,rejected,not_closed_shell,,,
libe-121876,rejected,not_closed_shell,,,
libe-121884,rejected,not_closed_shell,,,
libe-132181,rejected,not_closed_shell,,,
libe-132214,rejected,not_closed_shell,,,
libe-132235,rejected,not_closed_shell,,,
libe-502044,rejected,disallowed_element,,,
libe-121760,rejected,not_closed_shell,,,
libe-511257,rejected,disallowed_element,,,
libe-519020,rejected,disallowed_element,,,
libe-520357,rejected,disallowed_element,,,
libe-511061,rejected,not_closed_shell,,,
libe-515904,rejected,not_closed_shell,,,
libe-519059,rejected,not_closed_shell,,,
libe-520570,rejected,not_closed_shell,,,
libe-525683,rejected,not_closed_shell,,,
libe-527179,rejected,not_closed_shell,,,
libe-528902,rejected,not_closed_shell,,,
libe-542301,rejected,not_closed_shell,,,
libe-514761,rejected,not_closed_shell,,,
libe-515595,rejected,not_closed_shell,,,
libe-515626,rejected,not_closed_shell,,,
libe-515767,rejected,not_closed_shell,,,
libe-519369,rejected,not_closed_shell,,,
libe-141298,rejected,not_closed_shell,,,
libe-141321,rejected,not_closed_shell,,,
libe-141361,rejected,not_closed_shell,,,
libe-141369,rejected,not_closed_shell,,,
libe-141385,rejected,not_closed_shell,,,
libe-141478,rejected,not_closed_shell,,,
libe-395557,rejected,not_closed_shell,,,
libe-401183,rejected,not_closed_shell,,,
libe-510369,rejected,not_closed_shell,,,
libe-510462,rejected,not_closed_shell,,,
libe-520632,rejected,not_closed_shell,,,
libe-534511,rejected,not_closed_shell,,,
libe-536356,rejected,not_closed_shell,,,
libe-514752,rejected,not_closed_shell,,,
libe-529264,rejected,not_closed_shell,,,
libe-497410,rejected,not_closed_shell,62.066,,
libe-545722,rejected,disallowed_element,,,
libe-642507,rejected,not_closed_shell,,,
libe-631560,rejected,disallowed_element,,,
libe-185942,rejected,not_closed_shell,,,
libe-501249,rejected,disallowed_element,,,
libe-514629,rejected,disallowed_element,,,
libe-525937,rejected,disallowed_element,,,
libe-136177,rejected,disallowed_element,,,
libe-136197,rejected,disallowed_element,,,
libe-136434,rejected,disallowed_element,,,
libe-136510,rejected,disallowed_element,,,
libe-136531,rejected,disallowed_element,,,
libe-137195,rejected,disallowed_element,,,
libe-137241,rejected,disallowed_element,,,
libe-180075,rejected,disallowed_element,,,
libe-180112,rejected,disallowed_element,,,
libe-180208,rejected,disallowed_element,,,
libe-180229,rejected,disallowed_element,,,
libe-180305,rejected,disallowed_element,,,
libe-180668,rejected,disallowed_element,,,
libe-180684,rejected,disallowed_element,,,
libe-181486,rejected,disallowed_element,,,
libe-182043,rejected,disallowed_element,,,
libe-188972,rejected,disallowed_element,,,
libe-115771,rejected,disallowed_element,,,
libe-119098,rejected,disallowed_element,,,
libe-119102,rejected,disallowed_element,,,
libe-631437,rejected,disallowed_element,,,
libe-226173,rejected,not_closed_shell,,,
libe-226419,rejected,not_closed_shell,,,
libe-642786,rejected,not_closed_shell,,,
libe-642820,rejected,not_closed_shell,,,
libe-118206,rejected,missing_anion_match,102.089,libe-121251,
libe-118235,rejected,missing_anion_match,102.089,libe-121250,
libe-118291,rejected,missing_cation_match,102.089,,
libe-180667,rejected,missing_cation_match,102.089,,
libe-180717,accepted,,102.089,libe-180842,libe-181331
libe-180771,accepted,,102.089,libe-181020,libe-180799
libe-180899,accepted,,102.089,libe-180992,libe-180755
libe-180907,rejected,missing_cation_match,102.089,,
libe-181632,rejected,missing_cation_match,102.089,,
libe-117515,rejected,not_closed_shell,69.039,,
libe-117516,rejected,not_closed_shell,69.039,,
libe-117522,rejected,not_closed_shell,69.039,,
libe-117847,rejected,not_closed_shell,69.039,,
libe-528662,rejected,not_closed_shell,69.039,,
libe-192320,rejected,disallowed_element,,,
libe-192749,rejected,disallowed_element,,,
libe-192927,rejected,disallowed_element,,,
libe-120742,rejected,not_closed_shell,97.04899999999999,,
libe-116003,rejected,not_closed_shell,1.008,,
libe-137140,rejected,not_closed_shell,,,
libe-137158,rejected,not_closed_shell,,,
libe-137192,rejected,not_closed_shell,,,
libe-137199,rejected,not_closed_shell,,,
libe-179915,rejected,not_closed_shell,,,
libe-180024,rejected,not_closed_shell,,,
libe-180068,rejected,not_closed_shell,,,
libe-180070,rejected,not_closed_shell,,,
libe-180095,rejected,not_closed_shell,,,
libe-180102,rejected,not_closed_shell,,,
libe-180119,rejected,not_closed_shell,,,
libe-180124,rejected,not_closed_shell,,,
libe-180190,rejected,not_closed_shell,,,
libe-180247,rejected,not_closed_shell,,,
libe-180265,rejected,not_closed_shell,,,
libe-180309,rejected,not_closed_shell,,,
libe-180489,rejected,not_closed_shell,,,
libe-121935,rejected,not_closed_shell,175.116,,
libe-121936,rejected,not_closed_shell,175.116,,
libe-121938,rejected,not_closed_shell,175.116,,
libe-121942,rejected,not_closed_shell,175.116,,
libe-121943,rejected,not_closed_shell,175.116,,
libe-121949,rejected,not_closed_shell,175.116,,
libe-121951,rejected,not_closed_shell,175.116,,
libe-126918,rejected,not_closed_shell,175.116,,
libe-127166,rejected,not_closed_shell,175.116,,
libe-127194,rejected,not_closed_shell,175.116,,
libe-127205,rejected,not_closed_shell,175.116,,
libe-127528,rejected,not_closed_shell,175.116,,
libe-127556,rejected,not_closed_shell,175.116,,
libe-127872,rejected,not_closed_shell,175.116,,
libe-141184,rejected,not_closed_shell,,,
libe-141193,rejected,not_closed_shell,,,
libe-141243,rejected,not_closed_shell,,,
libe-141297,rejected,not_closed_shell,,,
libe-141318,rejected,not_closed_shell,,,
libe-141387,rejected,not_closed_shell,,,
libe-435351,rejected,not_closed_shell,,,
libe-117875,rejected,disallowed_element,,,
libe-117903,rejected,disallowed_element,,,
libe-118758,rejected,disallowed_element,,,
libe-118778,rejected,disallowed_element,,,
libe-120441,rejected,disallowed_element,,,
libe-120446,rejected,disallowed_element,,,
libe-120451,rejected,disallowed_element,,,
libe-120850,rejected,disallowed_element,,,
libe-120856,rejected,disallowed_element,,,
libe-173668,rejected,disallowed_element,,,
libe-545579,rejected,disallowed_element,,,
libe-545610,rejected,disallowed_element,,,
libe-545640,rejected,disallowed_element,,,
libe-118070,rejected,disallowed_element,,,
libe-120103,rejected,not_closed_shell,,,
libe-120104,rejected,not_closed_shell,,,
libe-120105,rejected,not_closed_shell,,,
libe-120107,rejected,not_closed_shell,,,
libe-120111,rejected,not_closed_shell,,,
libe-186892,rejected,not_closed_shell,,,
libe-187162,rejected,not_closed_shell,,,
libe-511121,rejected,disallowed_element,,,
libe-516767,rejected,disallowed_element,,,
libe-524343,rejected,disallowed_element,,,
libe-528875,rejected,disallowed_element,,,
libe-522477,rejected,disallowed_element,,,
libe-642115,rejected,not_closed_shell,,,
libe-177248,rejected,disallowed_element,,,
libe-116902,rejected,not_closed_shell,67.067,,
libe-116903,rejected,not_closed_shell,67.067,,
libe-116909,rejected,not_closed_shell,67.067,,
libe-116910,rejected,not_closed_shell,67.067,,
libe-116911,rejected,not_closed_shell,67.067,,
libe-116912,rejected,not_closed_shell,67.067,,
libe-116916,rejected,not_closed_shell,67.067,,
libe-116917,rejected,not_closed_shell,67.067,,
libe-116922,rejected,not_closed_shell,67.067,,
libe-116924,rejected,not_closed_shell,67.067,,
libe-116925,rejected,not_closed_shell,67.067,,
libe-116928,rejected,not_closed_shell,67.067,,
libe-116931,rejected,not_closed_shell,67.067,,
libe-116934,rejected,not_closed_shell,67.067,,
libe-116937,rejected,not_closed_shell,67.067,,
libe-116941,rejected,not_closed_shell,67.067,,
libe-116944,rejected,not_closed_shell,67.067,,
libe-116954,rejected,not_closed_shell,67.067,,
libe-117002,rejected,not_closed_shell,67.067,,
libe-514966,rejected,not_closed_shell,,,
libe-516457,rejected,not_closed_shell,,,
libe-520889,rejected,not_closed_shell,,,
libe-524913,rejected,not_closed_shell,,,
libe-525019,rejected,not_closed_shell,,,
libe-525857,rejected,not_closed_shell,,,
libe-526965,rejected,not_closed_shell,,,
libe-526975,rejected,not_closed_shell,,,
libe-529666,rejected,not_closed_shell,,,
libe-534783,rejected,not_closed_shell,,,
libe-534857,rejected,not_closed_shell,,,
libe-539127,rejected,not_closed_shell,,,
libe-539582,rejected,not_closed_shell,,,
libe-542144,rejected,not_closed_shell,,,
libe-542525,rejected,not_closed_shell,,,
libe-631187,rejected,disallowed_element,,,
libe-631227,rejected,disallowed_element,,,
libe-631234,rejected,disallowed_element,,,
libe-631847,rejected,disallowed_element,,,
libe-637364,rejected,mass_out_of_range,52.032000000000004,,
libe-116214,rejected,mass_out_of_range,52.032000000000004,,
libe-224878,rejected,not_closed_shell,52.032000000000004,,
libe-642332,rejected,not_closed_shell,52.032000000000004,,
libe-545659,rejected,disallowed_element,,,
libe-140991,rejected,disallowed_element,,,
libe-141097,rejected,disallowed_element,,,
libe-141137,rejected,disallowed_element,,,
libe-141151,rejected,disallowed_element,,,
libe-141189,rejected,disallowed_element,,,
libe-141261,rejected,disallowed_element,,,
libe-141278,rejected,disallowed_element,,,
libe-141292,rejected,disallowed_element,,,
libe-141401,rejected,disallowed_element,,,
libe-141453,rejected,disallowed_element,,,
libe-141509,rejected,disallowed_element,,,
libe-141556,rejected,disallowed_element,,,
libe-141587,rejected,disallowed_element,,,
libe-424745,rejected,disallowed_element,,,
libe-429347,rejected,disallowed_element,,,
libe-116260,rejected,mass_out_of_range,54.048,,
libe-116266,rejected,mass_out_of_range,54.048,,
libe-116270,rejected,mass_out_of_range,54.048,,
libe-116277,rejected,mass_out_of_range,54.048,,
libe-116280,rejected,mass_out_of_range,54.048,,
libe-225021,rejected,not_closed_shell,54.048,,
libe-225024,rejected,not_closed_shell,54.048,,
libe-225027,rejected,not_closed_shell,54.048,,
libe-225046,rejected,not_closed_shell,54.048,,
libe-225073,rejected,not_closed_shell,54.048,,
libe-524430,rejected,disallowed_element,,,
libe-526999,rejected,disallowed_element,,,
libe-529123,rejected,disallowed_element,,,
libe-115763,rejected,disallowed_element,,,
libe-121529,rejected,not_closed_shell,,,
libe-631372,rejected,not_closed_shell,,,
libe-211345,rejected,not_closed_shell,,,
libe-121321,rejected,not_closed_shell,101.081,,
libe-121322,rejected,not_closed_shell,101.081,,
libe-121332,rejected,not_closed_shell,101.081,,
libe-121334,rejected,not_closed_shell,101.081,,
libe-121336,rejected,not_closed_shell,101.081,,
libe-121339,rejected,not_closed_shell,101.081,,
libe-522990,rejected,not_closed_shell,,,
libe-497516,rejected,disallowed_element,,,
libe-642069,rejected,not_closed_shell,,,
libe-135912,rejected,not_closed_shell,,,
libe-136260,rejected,not_closed_shell,,,
libe-136268,rejected,not_closed_shell,,,
libe-136897,rejected,not_closed_shell,,,
libe-136899,rejected,not_closed_shell,,,
libe-187865,rejected,not_closed_shell,,,
libe-187898,rejected,not_closed_shell,,,
libe-187938,rejected,not_closed_shell,,,
libe-187986,rejected,not_closed_shell,,,
libe-188000,rejected,not_closed_shell,,,
libe-207255,rejected,not_closed_shell,,,
libe-207327,rejected,not_closed_shell,,,
libe-207416,rejected,not_closed_shell,,,
libe-131983,rejected,not_closed_shell,115.064,,
libe-131985,rejected,not_closed_shell,115.064,,
libe-131987,rejected,not_closed_shell,115.064,,
libe-132004,rejected,not_closed_shell,115.064,,
libe-132014,rejected,not_closed_shell,115.064,,
libe-132028,rejected,not_closed_shell,115.064,,
libe-132044,rejected,not_closed_shell,115.064,,
libe-177387,rejected,not_closed_shell,115.064,,
libe-220690,rejected,not_closed_shell,115.064,,
libe-119583,rejected,not_closed_shell,,,
libe-119594,rejected,not_closed_shell,,,
libe-119604,rejected,not_closed_shell,,,
libe-119611,rejected,not_closed_shell,,,
libe-119625,rejected,not_closed_shell,,,
libe-119627,rejected,not_closed_shell,,,
libe-119635,rejected,not_closed_shell,,,
libe-119656,rejected,not_closed_shell,,,
libe-119661,rejected,not_closed_shell,,,
libe-119675,rejected,not_closed_shell,,,
libe-119676,rejected,not_closed_shell,,,
libe-119680,rejected,not_closed_shell,,,
libe-132326,rejected,not_closed_shell,,,
libe-120360,rejected,not_closed_shell,,,
libe-120392,rejected,not_closed_shell,,,
libe-120852,rejected,not_closed_shell,,,
libe-137085,rejected,not_closed_shell,,,
libe-176386,rejected,not_closed_shell,,,
libe-186874,rejected,not_closed_shell,,,
libe-186928,rejected,not_closed_shell,,,
libe-186935,rejected,not_closed_shell,,,
libe-187121,rejected,not_closed_shell,,,
libe-187155,rejected,not_closed_shell,,,
libe-187266,rejected,not_closed_shell,,,
libe-187415,rejected,not_closed_shell,,,
libe-187705,rejected,not_closed_shell,,,
libe-220174,rejected,not_closed_shell,,,
libe-117154,rejected,not_closed_shell,55.099999999999994,,
libe-116843,rejected,not_closed_shell,81.05,,
libe-116844,rejected,not_closed_shell,81.05,,
libe-116859,rejected,not_closed_shell,81.05,,
libe-137481,rejected,not_closed_shell,,,
libe-137537,rejected,not_closed_shell,,,
libe-138313,rejected,not_closed_shell,,,
libe-177332,rejected,not_closed_shell,,,
libe-177419,rejected,not_closed_shell,,,
libe-177457,rejected,not_closed_shell,,,
libe-177963,rejected,not_closed_shell,,,
libe-181962,rejected,not_closed_shell,,,
libe-222004,rejected,not_closed_shell,,,
libe-118692,rejected,disallowed_element,,,
libe-225442,rejected,not_closed_shell,,,
libe-118599,rejected,disallowed_element,,,
libe-182955,rejected,disallowed_element,,,
libe-225174,rejected,not_closed_shell,,,
libe-640613,rejected,not_closed_shell,,,
libe-502016,rejected,not_closed_shell,,,
libe-514649,rejected,disallowed_element,,,
libe-642086,rejected,not_closed_shell,,,
libe-132314,accepted,,146.14200000000002,libe-121464,libe-121461
libe-514454,rejected,not_closed_shell,,,
libe-520130,rejected,not_closed_shell,,,
libe-528286,rejected,not_closed_shell,,,
libe-536998,rejected,not_closed_shell,,,
libe-115760,rejected,mass_out_of_range,2.016,,
libe-121695,rejected,not_closed_shell,,,
libe-173708,rejected,not_closed_shell,,,
libe-173778,rejected,not_closed_shell,,,
libe-173823,rejected,not_closed_shell,,,
libe-545833,rejected,not_closed_shell,,,
libe-510569,rejected,not_closed_shell,,,
libe-510578,rejected,not_closed_shell,,,
libe-517082,rejected,not_closed_shell,,,
libe-525903,rejected,not_closed_shell,,,
libe-120970,rejected,not_closed_shell,103.097,,
libe-183242,rejected,not_closed_shell,103.097,,
libe-183282,rejected,not_closed_shell,103.097,,
libe-183289,rejected,not_closed_shell,103.097,,
libe-511230,rejected,disallowed_element,,,
libe-641524,rejected,not_closed_shell,,,
libe-121284,rejected,not_closed_shell,113.04799999999999,,
libe-116457,rejected,mass_out_of_range,56.06400000000001,,
libe-116462,rejected,mass_out_of_range,56.06400000000001,,
libe-116464,rejected,mass_out_of_range,56.06400000000001,,
libe-116465,rejected,mass_out_of_range,56.06400000000001,,
libe-116476,rejected,mass_out_of_range,56.06400000000001,,
libe-116480,rejected,mass_out_of_range,56.06400000000001,,
libe-116487,rejected,mass_out_of_range,56.06400000000001,,
libe-116488,rejected,mass_out_of_range,56.06400000000001,,
libe-116489,rejected,mass_out_of_range,56.06400000000001,,
libe-181538,rejected,mass_out_of_range,56.06400000000001,,
libe-516257,rejected,mass_out_of_range,56.06400000000001,,
libe-525047,rejected,mass_out_of_range,56.06400000000001,,
libe-527850,rejected,mass_out_of_range,56.06400000000001,,
libe-225230,rejected,not_closed_shell,56.06400000000001,,
libe-225251,rejected,not_closed_shell,56.06400000000001,,
libe-225252,rejected,not_closed_shell,56.06400000000001,,
libe-225260,rejected,not_closed_shell,56.06400000000001,,
libe-225275,rejected,not_closed_shell,56.06400000000001,,
libe-225278,rejected,not_closed_shell,56.06400000000001,,
libe-225283,rejected,not_closed_shell,56.06400000000001,,
libe-225289,rejected,not_closed_shell,56.06400000000001,,
libe-225355,rejected,not_closed_shell,56.06400000000001,,
libe-641163,rejected,not_closed_shell,56.06400000000001,,
libe-641169,rejected,not_closed_shell,56.06400000000001,,
libe-641180,rejected,not_closed_shell,56.06400000000001,,
libe-641232,rejected,not_closed_shell,56.06400000000001,,
libe-202494,accepted,,74.07900000000001,libe-202414,libe-202393
libe-528422,accepted,,74.07900000000001,libe-528426,libe-528420
libe-640413,rejected,not_closed_shell,74.07900000000001,,
libe-640416,rejected,not_closed_shell,74.07900000000001,,
libe-510549,rejected,not_closed_shell,,,
libe-520452,rejected,not_closed_shell,,,
libe-521058,rejected,not_closed_shell,,,
libe-118729,accepted,,74.03500000000001,libe-117553,libe-117555
libe-118732,rejected,missing_anion_match,74.035,libe-199403,
libe-226770,rejected,not_closed_shell,74.03500000000001,,
libe-226774,rejected,not_closed_shell,74.03500000000001,,
libe-516780,rejected,not_closed_shell,,,
libe-631886,rejected,not_closed_shell,,,
libe-631938,rejected,not_closed_shell,,,
libe-137830,rejected,not_closed_shell,,,
libe-138105,rejected,not_closed_shell,,,
libe-138108,rejected,not_closed_shell,,,
libe-138167,rejected,not_closed_shell,,,
libe-178060,rejected,not_closed_shell,,,
libe-138073,rejected,disallowed_element,,,
libe-177211,rejected,disallowed_element,,,
libe-177235,rejected,disallowed_element,,,
libe-220462,rejected,disallowed_element,,,
libe-220468,rejected,disallowed_element,,,
libe-121369,rejected,disallowed_element,,,
libe-136301,rejected,disallowed_element,,,
libe-136459,rejected,disallowed_element,,,
libe-137975,rejected,disallowed_element,,,
libe-173515,rejected,disallowed_element,,,
libe-637812,rejected,disallowed_element,,,
libe-175847,rejected,disallowed_element,,,
libe-176298,rejected,disallowed_element,,,
libe-211619,rejected,disallowed_element,,,
libe-211869,rejected,disallowed_element,,,
libe-642288,rejected,not_closed_shell,,,
libe-642305,rejected,not_closed_shell,,,
libe-642324,rejected,not_closed_shell,,,
libe-642343,rejected,not_closed_shell,,,
libe-642372,rejected,not_closed_shell,,,
libe-642542,rejected,not_closed_shell,,,
libe-511260,rejected,disallowed_element,,,
libe-516057,rejected,disallowed_element,,,
libe-525380,rejected,disallowed_element,,,
libe-526888,rejected,disallowed_element,,,
libe-529379,rejected,disallowed_element,,,
libe-502480,rejected,not_closed_shell,,,
libe-502498,rejected,not_closed_shell,,,
libe-636079,rejected,disallowed_element,,,
libe-641732,rejected,not_closed_shell,,,
libe-515358,rejected,disallowed_element,,,
libe-120840,accepted,,178.14000000000001,libe-121555,libe-121552
libe-522047,rejected,disallowed_element,,,
libe-497403,rejected,mass_out_of_range,48.059000000000005,,
libe-641723,rejected,not_closed_shell,48.059000000000005,,
libe-121663,rejected,disallowed_element,,,
libe-545807,rejected,not_closed_shell,,,
libe-135806,rejected,not_closed_shell,,,
libe-135808,rejected,not_closed_shell,,,
libe-185946,rejected,not_closed_shell,,,
libe-116753,rejected,mass_out_of_range,54.092,,
libe-116755,rejected,mass_out_of_range,54.092,,
libe-116767,rejected,mass_out_of_range,54.092,,
libe-225339,rejected,not_closed_shell,54.092,,
libe-225345,rejected,not_closed_shell,54.092,,
libe-225483,rejected,not_closed_shell,54.092,,
libe-502060,rejected,not_closed_shell,,,
libe-502083,rejected,not_closed_shell,,,
libe-502283,rejected,not_closed_shell,,,
libe-545652,rejected,disallowed_element,,,
libe-642034,rejected,not_closed_shell,,,
libe-121021,rejected,not_closed_shell,101.125,,
libe-174963,rejected,not_closed_shell,101.125,,
libe-174967,rejected,not_closed_shell,101.125,,
libe-524307,rejected,disallowed_element,,,
libe-643093,rejected,not_closed_shell,,,
libe-501486,rejected,disallowed_element,,,
libe-514408,rejected,not_closed_shell,,,
libe-514512,rejected,not_closed_shell,,,
libe-514968,rejected,not_closed_shell,,,
libe-516398,rejected,not_closed_shell,,,
libe-516875,rejected,not_closed_shell,,,
libe-518987,rejected,not_closed_shell,,,
libe-520135,rejected,not_closed_shell,,,
libe-520136,rejected,not_closed_shell,,,
libe-520891,rejected,not_closed_shell,,,
libe-523705,rejected,not_closed_shell,,,
libe-525043,rejected,not_closed_shell,,,
libe-528821,rejected,not_closed_shell,,,
libe-116227,rejected,mass_out_of_range,64.04299999999999,,
libe-225463,rejected,not_closed_shell,64.04299999999999,,
libe-121522,rejected,not_closed_shell,,,
libe-524411,rejected,not_closed_shell,,,
libe-514592,rejected,not_closed_shell,,,
libe-514918,rejected,not_closed_shell,,,
libe-526206,rejected,not_closed_shell,,,
libe-528799,rejected,not_closed_shell,,,
libe-502076,rejected,not_closed_shell,,,
libe-502390,rejected,not_closed_shell,,,
libe-525499,rejected,not_closed_shell,,,
libe-527146,rejected,not_closed_shell,,,
libe-528334,rejected,not_closed_shell,,,
libe-118563,rejected,disallowed_element,,,
libe-118571,rejected,disallowed_element,,,
libe-118574,rejected,disallowed_element,,,
libe-118577,rejected,disallowed_element,,,
libe-136889,rejected,disallowed_element,,,
libe-224926,rejected,not_closed_shell,,,
libe-224935,rejected,not_closed_shell,,,
libe-224950,rejected,not_closed_shell,,,
libe-225040,rejected,not_closed_shell,,,
libe-642518,rejected,not_closed_shell,,,
libe-141528,rejected,not_closed_shell,,,
libe-141544,rejected,not_closed_shell,,,
libe-141564,rejected,not_closed_shell,,,
libe-141641,rejected,not_closed_shell,,,
libe-141654,rejected,not_closed_shell,,,
libe-460479,rejected,not_closed_shell,,,
libe-636842,rejected,disallowed_element,,,
libe-119185,rejected,disallowed_element,,,
libe-636830,rejected,disallowed_element,,,
libe-121211,rejected,disallowed_element,,,
libe-641396,rejected,not_closed_shell,,,
libe-641485,rejected,not_closed_shell,,,
libe-516582,rejected,not_closed_shell,,,
libe-539168,rejected,not_closed_shell,,,
libe-526708,rejected,disallowed_element,,,
libe-641663,rejected,not_closed_shell,,,
libe-117852,rejected,disallowed_element,,,
libe-117861,rejected,disallowed_element,,,
libe-502737,rejected,not_closed_shell,,,
libe-503283,rejected,not_closed_shell,,,
libe-135813,rejected,disallowed_element,,,
libe-137474,rejected,disallowed_element,,,
libe-224817,rejected,not_closed_shell,,,
libe-224830,rejected,not_closed_shell,,,
libe-631219,rejected,disallowed_element,,,
libe-631267,rejected,disallowed_element,,,
libe-634033,rejected,disallowed_element,,,
libe-502168,rejected,not_closed_shell,,,
libe-502378,rejected,not_closed_shell,,,
libe-519033,rejected,not_closed_shell,,,
libe-529317,rejected,not_closed_shell,,,
libe-501973,rejected,not_closed_shell,,,
libe-501995,rejected,not_closed_shell,,,
libe-520826,rejected,disallowed_element,,,
libe-524960,rejected,disallowed_element,,,
libe-528717,rejected,disallowed_element,,,
libe-115893,rejected,missing_cation_match,96.041,,
libe-643168,rejected,not_closed_shell,96.041,,
libe-117906,rejected,disallowed_element,,,
libe-117912,rejected,disallowed_element,,,
libe-117926,rejected,disallowed_element,,,
libe-226301,rejected,not_closed_shell,,,
libe-226348,rejected,not_closed_shell,,,
libe-642410,rejected,not_closed_shell,,,
libe-120643,rejected,not_closed_shell,,,
libe-510472,rejected,disallowed_element,,,
libe-511241,rejected,disallowed_element,,,
libe-514451,rejected,disallowed_element,,,
libe-517206,rejected,disallowed_element,,,
libe-519049,rejected,disallowed_element,,,
libe-521689,rejected,disallowed_element,,,
libe-524782,rejected,disallowed_element,,,
libe-528910,rejected,disallowed_element,,,
libe-525420,rejected,not_closed_shell,,,
libe-525778,rejected,not_closed_shell,,,
libe-118645,rejected,not_closed_shell,,,
libe-115970,rejected,not_closed_shell,39.057,,
libe-115974,rejected,not_closed_shell,39.057,,
libe-115977,rejected,not_closed_shell,39.057,,
libe-132331,rejected,not_closed_shell,39.057,,
libe-518889,rejected,not_closed_shell,,,
libe-117418,rejected,disallowed_element,,,
libe-117424,rejected,disallowed_element,,,
libe-117430,rejected,disallowed_element,,,
libe-117431,rejected,disallowed_element,,,
libe-117432,rejected,disallowed_element,,,
libe-117435,rejected,disallowed_element,,,
libe-117439,rejected,disallowed_element,,,
libe-117440,rejected,disallowed_element,,,
libe-117450,rejected,disallowed_element,,,
libe-117477,rejected,disallowed_element,,,
libe-117517,rejected,not_closed_shell,73.027,,
libe-184787,rejected,not_closed_shell,73.027,,
libe-175038,accepted,,102.133,libe-175119,libe-175122
libe-120212,rejected,not_closed_shell,103.053,,
libe-120215,rejected,not_closed_shell,103.053,,
libe-120221,rejected,not_closed_shell,103.053,,
libe-120223,rejected,not_closed_shell,103.053,,
libe-132400,rejected,not_closed_shell,103.053,,
libe-120260,rejected,not_closed_shell,103.053,,
libe-118699,rejected,not_closed_shell,,,
libe-118711,rejected,not_closed_shell,,,
libe-137814,rejected,not_closed_shell,,,
libe-514558,rejected,not_closed_shell,,,
libe-514643,rejected,not_closed_shell,,,
libe-519030,rejected,not_closed_shell,,,
libe-519695,rejected,not_closed_shell,,,
libe-524461,rejected,not_closed_shell,,,
libe-524592,rejected,not_closed_shell,,,
libe-529044,rejected,not_closed_shell,,,
libe-510615,rejected,not_closed_shell,,,
libe-511211,rejected,not_closed_shell,,,
libe-463380,rejected,disallowed_element,,,
libe-116494,rejected,mass_out_of_range,52.07599999999999,,
libe-116497,rejected,mass_out_of_range,52.07599999999999,,
libe-116498,rejected,mass_out_of_range,52.07599999999999,,
libe-116500,rejected,mass_out_of_range,52.07599999999999,,
libe-116508,rejected,mass_out_of_range,52.07599999999999,,
libe-116515,rejected,mass_out_of_range,52.07599999999999,,
libe-225097,rejected,not_closed_shell,52.07599999999999,,
libe-225106,rejected,not_closed_shell,52.07599999999999,,
libe-225111,rejected,not_closed_shell,52.07599999999999,,
libe-225128,rejected,not_closed_shell,52.07599999999999,,
libe-225136,rejected,not_closed_shell,52.07599999999999,,
libe-225184,rejected,not_closed_shell,52.07599999999999,,
libe-225228,rejected,not_closed_shell,52.07599999999999,,
libe-406512,rejected,not_closed_shell,,,
libe-407863,rejected,not_closed_shell,,,
libe-118428,rejected,disallowed_element,,,
libe-118436,rejected,disallowed_element,,,
libe-118437,rejected,disallowed_element,,,
libe-118440,rejected,disallowed_element,,,
libe-118443,rejected,disallowed_element,,,
libe-118444,rejected,disallowed_element,,,
libe-118448,rejected,disallowed_element,,,
libe-118454,rejected,disallowed_element,,,
libe-119327,rejected,disallowed_element,,,
libe-119329,rejected,disallowed_element,,,
libe-639792,rejected,not_closed_shell,,,
libe-639804,rejected,not_closed_shell,,,
libe-639812,rejected,not_closed_shell,,,
libe-639835,rejected,not_closed_shell,,,
libe-639846,rejected,not_closed_shell,,,
libe-639873,rejected,not_closed_shell,,,
libe-639948,rejected,not_closed_shell,,,
libe-639988,rejected,not_closed_shell,,,
libe-640091,rejected,not_closed_shell,,,
libe-640436,rejected,not_closed_shell,,,
libe-510540,rejected,not_closed_shell,,,
libe-511147,rejected,not_closed_shell,,,
libe-520870,rejected,not_closed_shell,,,
libe-639188,rejected,disallowed_element,,,
libe-524577,rejected,disallowed_element,,,
libe-641938,rejected,not_closed_shell,,,
libe-641964,rejected,not_closed_shell,,,
libe-115844,rejected,missing_cation_match,86.046,,
libe-115845,accepted,,86.04599999999999,libe-117868,libe-120784
libe-118746,accepted,,86.046,libe-117589,libe-120153
libe-118749,accepted,,86.046,libe-117580,libe-120165
libe-118751,accepted,,86.046,libe-117579,libe-120162
libe-118753,accepted,,86.046,libe-117572,libe-120158
libe-635418,accepted,,86.046,libe-117573,libe-120169
libe-175947,rejected,missing_cation_match,86.046,,
libe-175950,rejected,missing_cation_match,86.046,,
libe-175976,rejected,missing_cation_match,86.046,,
libe-176143,rejected,missing_cation_match,86.046,,
libe-176177,rejected,missing_cation_match,86.046,,
libe-641280,rejected,not_closed_shell,86.046,,
libe-641294,rejected,not_closed_shell,86.046,,
libe-641301,rejected,not_closed_shell,86.046,,
libe-641302,rejected,not_closed_shell,86.046,,
libe-641313,rejected,not_closed_shell,86.046,,
libe-641323,rejected,not_closed_shell,86.046,,
libe-641337,rejected,not_closed_shell,86.046,,
libe-641341,rejected,not_closed_shell,86.04599999999999,,
libe-641395,rejected,not_closed_shell,86.046,,
libe-641423,rejected,not_closed_shell,86.046,,
libe-641443,rejected,not_closed_shell,86.046,,
libe-641574,rejected,not_closed_shell,86.046,,
libe-511310,rejected,not_closed_shell,,,
libe-511322,rejected,not_closed_shell,,,
libe-511326,rejected,not_closed_shell,,,
libe-511371,rejected,not_closed_shell,,,
libe-514473,rejected,not_closed_shell,,,
libe-516167,rejected,not_closed_shell,,,
libe-516425,rejected,not_closed_shell,,,
libe-516625,rejected,not_closed_shell,,,
libe-517237,rejected,not_closed_shell,,,
libe-517324,rejected,not_closed_shell,,,
libe-519085,rejected,not_closed_shell,,,
libe-519534,rejected,not_closed_shell,,,
libe-520574,rejected,not_closed_shell,,,
libe-520699,rejected,not_closed_shell,,,
libe-523064,rejected,not_closed_shell,,,
libe-523831,rejected,not_closed_shell,,,
libe-525640,rejected,not_closed_shell,,,
libe-525727,rejected,not_closed_shell,,,
libe-525789,rejected,not_closed_shell,,,
libe-526226,rejected,not_closed_shell,,,
libe-527893,rejected,not_closed_shell,,,
libe-527915,rejected,not_closed_shell,,,
libe-528028,rejected,not_closed_shell,,,
libe-528227,rejected,not_closed_shell,,,
libe-528429,rejected,not_closed_shell,,,
libe-528544,rejected,not_closed_shell,,,
libe-528588,rejected,not_closed_shell,,,
libe-529391,rejected,not_closed_shell,,,
libe-529517,rejected,not_closed_shell,,,
libe-534711,rejected,not_closed_shell,,,
libe-534986,rejected,not_closed_shell,,,
libe-539371,rejected,not_closed_shell,,,
libe-539554,rejected,not_closed_shell,,,
libe-542503,rejected,not_closed_shell,,,
libe-121915,rejected,not_closed_shell,,,
libe-121916,rejected,not_closed_shell,,,
libe-121937,rejected,not_closed_shell,,,
libe-121939,rejected,not_closed_shell,,,
libe-121940,rejected,not_closed_shell,,,
libe-631286,rejected,not_closed_shell,,,
libe-631335,rejected,not_closed_shell,,,
libe-631359,rejected,not_closed_shell,,,
libe-631406,rejected,not_closed_shell,,,
libe-631990,rejected,not_closed_shell,,,
libe-631991,rejected,not_closed_shell,,,
libe-632010,rejected,not_closed_shell,,,
libe-632265,rejected,not_closed_shell,,,
libe-632355,rejected,not_closed_shell,,,
libe-632379,rejected,not_closed_shell,,,
libe-141099,rejected,disallowed_element,,,
libe-141231,rejected,disallowed_element,,,
libe-136065,rejected,disallowed_element,,,
libe-204852,rejected,disallowed_element,,,
libe-204864,rejected,disallowed_element,,,
libe-224992,rejected,not_closed_shell,,,
libe-640500,rejected,not_closed_shell,,,
libe-640578,rejected,not_closed_shell,,,
libe-514982,rejected,disallowed_element,,,
libe-520575,rejected,disallowed_element,,,
libe-115761,rejected,disallowed_element,,,
libe-224551,rejected,not_closed_shell,,,
libe-117576,rejected,not_closed_shell,71.055,,
libe-117587,rejected,not_closed_shell,71.055,,
libe-117588,rejected,not_closed_shell,71.055,,
libe-117591,rejected,not_closed_shell,71.055,,
libe-117592,rejected,not_closed_shell,71.055,,
libe-117598,rejected,not_closed_shell,71.055,,
libe-117601,rejected,not_closed_shell,71.055,,
libe-117606,rejected,not_closed_shell,71.055,,
libe-117855,rejected,not_closed_shell,71.055,,
libe-183924,rejected,not_closed_shell,71.055,,
libe-183985,rejected,not_closed_shell,71.055,,
libe-184241,rejected,not_closed_shell,71.055,,
libe-184326,rejected,not_closed_shell,71.055,,
libe-185246,rejected,not_closed_shell,71.055,,
libe-516246,rejected,not_closed_shell,71.055,,
libe-517183,rejected,not_closed_shell,71.055,,
libe-520548,rejected,not_closed_shell,71.055,,
libe-526764,rejected,not_closed_shell,71.055,,
libe-511012,rejected,not_closed_shell,,,
libe-515181,rejected,not_closed_shell,,,
libe-524365,rejected,not_closed_shell,,,
libe-117505,rejected,not_closed_shell,,,
libe-119130,rejected,not_closed_shell,,,
libe-119132,rejected,not_closed_shell,,,
libe-119135,rejected,not_closed_shell,,,
libe-119143,rejected,not_closed_shell,,,
libe-137734,rejected,not_closed_shell,,,
libe-175824,rejected,not_closed_shell,,,
libe-514794,rejected,not_closed_shell,,,
libe-522115,rejected,not_closed_shell,,,
libe-523953,rejected,not_closed_shell,,,
libe-524379,rejected,not_closed_shell,,,
libe-525666,rejected,not_closed_shell,,,
libe-528484,rejected,not_closed_shell,,,
libe-535773,rejected,not_closed_shell,,,
libe-542384,rejected,not_closed_shell,,,
libe-509439,rejected,not_closed_shell,,,
libe-507689,rejected,disallowed_element,,,
libe-515159,rejected,disallowed_element,,,
libe-519745,rejected,disallowed_element,,,
libe-529052,rejected,disallowed_element,,,
libe-121447,rejected,disallowed_element,,,
libe-121449,rejected,disallowed_element,,,
libe-121451,rejected,disallowed_element,,,
libe-520670,rejected,disallowed_element,,,
libe-527040,rejected,disallowed_element,,,
libe-528750,rejected,disallowed_element,,,
libe-545527,rejected,not_closed_shell,,,
libe-115874,rejected,disallowed_element,,,
libe-641351,rejected,not_closed_shell,,,
libe-501282,rejected,disallowed_element,,,
libe-117936,rejected,disallowed_element,,,
libe-138144,rejected,disallowed_element,,,
libe-116005,rejected,mass_out_of_range,12.011,,
libe-117197,rejected,not_closed_shell,,,
libe-117203,rejected,not_closed_shell,,,
libe-117209,rejected,not_closed_shell,,,
libe-117212,rejected,not_closed_shell,,,
libe-117214,rejected,not_closed_shell,,,
libe-117221,rejected,not_closed_shell,,,
libe-117223,rejected,not_closed_shell,,,
libe-137035,rejected,not_closed_shell,,,
libe-179175,rejected,not_closed_shell,,,
libe-179549,rejected,not_closed_shell,,,
libe-118512,rejected,not_closed_shell,57.028,,
libe-118516,rejected,not_closed_shell,57.028,,
libe-119383,rejected,not_closed_shell,57.028,,
libe-184728,rejected,not_closed_shell,57.028,,
libe-184975,rejected,not_closed_shell,57.028,,
libe-501877,rejected,disallowed_element,,,
libe-501893,rejected,disallowed_element,,,
libe-545442,rejected,mass_out_of_range,64.058,,
libe-642571,rejected,not_closed_shell,64.058,,
libe-192269,rejected,disallowed_element,,,
libe-192278,rejected,disallowed_element,,,
libe-514504,rejected,disallowed_element,,,
libe-514571,rejected,disallowed_element,,,
libe-515216,rejected,disallowed_element,,,
libe-524768,rejected,disallowed_element,,,
libe-525713,rejected,disallowed_element,,,
libe-638865,rejected,disallowed_element,,,
libe-641899,rejected,not_closed_shell,,,
libe-641905,rejected,not_closed_shell,,,
libe-641941,rejected,not_closed_shell,,,
libe-641946,rejected,not_closed_shell,,,
libe-642005,rejected,not_closed_shell,,,
libe-642052,rejected,not_closed_shell,,,
libe-642092,rejected,not_closed_shell,,,
libe-642116,rejected,not_closed_shell,,,
libe-141141,rejected,disallowed_element,,,
libe-388742,rejected,disallowed_element,,,
libe-116089,rejected,not_closed_shell,29.061999999999998,,
libe-135860,rejected,disallowed_element,,,
libe-135869,rejected,disallowed_element,,,
libe-173722,rejected,disallowed_element,,,
libe-223500,rejected,disallowed_element,,,
libe-501763,rejected,disallowed_element,,,
libe-520986,rejected,not_closed_shell,,,
libe-526883,rejected,not_closed_shell,,,
libe-141644,rejected,disallowed_element,,,
libe-120951,rejected,not_closed_shell,,,
libe-120952,rejected,not_closed_shell,,,
libe-120953,rejected,not_closed_shell,,,
libe-120955,rejected,not_closed_shell,,,
libe-120956,rejected,not_closed_shell,,,
libe-120957,rejected,not_closed_shell,,,
libe-121717,rejected,not_closed_shell,,,
libe-121721,rejected,not_closed_shell,,,
libe-121726,rejected,not_closed_shell,,,
libe-117527,rejected,not_closed_shell,85.038,,
libe-117533,rejected,not_closed_shell,85.038,,
libe-117534,rejected,not_closed_shell,85.038,,
libe-117541,rejected,not_closed_shell,85.038,,
libe-117557,rejected,not_closed_shell,85.038,,
libe-117854,rejected,not_closed_shell,85.038,,
libe-137296,rejected,not_closed_shell,,,
libe-138141,rejected,not_closed_shell,,,
libe-138166,rejected,not_closed_shell,,,
libe-138192,rejected,not_closed_shell,,,
libe-138202,rejected,not_closed_shell,,,
libe-222694,rejected,not_closed_shell,,,
libe-115774,rejected,mass_out_of_range,62.068,,
libe-116120,rejected,not_closed_shell,45.061,,
libe-116125,rejected,not_closed_shell,45.061,,
libe-116126,rejected,not_closed_shell,45.061,,
libe-528692,rejected,not_closed_shell,45.061,,
libe-511255,rejected,disallowed_element,,,
libe-522380,rejected,disallowed_element,,,
libe-523820,rejected,disallowed_element,,,
libe-526105,rejected,disallowed_element,,,
libe-140739,rejected,not_closed_shell,,,
libe-140939,rejected,not_closed_shell,,,
libe-501353,rejected,disallowed_element,,,
libe-115876,rejected,mass_out_of_range,28.054,,
libe-115981,rejected,mass_out_of_range,28.054,,
libe-224592,rejected,not_closed_shell,28.054,,
libe-224658,rejected,not_closed_shell,28.054,,
libe-138088,rejected,disallowed_element,,,
libe-174897,rejected,not_closed_shell,,,
libe-137046,rejected,disallowed_element,,,
libe-138048,rejected,disallowed_element,,,
libe-192285,rejected,disallowed_element,,,
libe-192289,rejected,disallowed_element,,,
libe-192314,rejected,disallowed_element,,,
libe-637800,rejected,disallowed_element,,,
libe-192668,rejected,disallowed_element,,,
libe-192680,rejected,disallowed_element,,,
libe-637810,rejected,disallowed_element,,,
libe-193573,rejected,disallowed_element,,,
libe-640349,rejected,not_closed_shell,,,
libe-640373,rejected,not_closed_shell,,,
libe-640374,rejected,not_closed_shell,,,
libe-640384,rejected,not_closed_shell,,,
libe-640414,rejected,not_closed_shell,,,
libe-640415,rejected,not_closed_shell,,,
libe-640429,rejected,not_closed_shell,,,
libe-640441,rejected,not_closed_shell,,,
libe-115766,rejected,disallowed_element,,,
libe-225284,rejected,not_closed_shell,,,
libe-140753,rejected,disallowed_element,,,
libe-140782,rejected,disallowed_element,,,
libe-140819,rejected,disallowed_element,,,
libe-141078,rejected,disallowed_element,,,
libe-141082,rejected,disallowed_element,,,
libe-141259,rejected,disallowed_element,,,
libe-141290,rejected,disallowed_element,,,
libe-141325,rejected,disallowed_element,,,
libe-497499,rejected,disallowed_element,,,
libe-642983,rejected,not_closed_shell,,,
libe-517000,rejected,not_closed_shell,,,
libe-525571,rejected,disallowed_element,,,
libe-640598,rejected,not_closed_shell,,,
libe-136251,rejected,disallowed_element,,,
libe-136318,rejected,disallowed_element,,,
libe-136485,rejected,disallowed_element,,,
libe-136505,rejected,disallowed_element,,,
libe-136558,rejected,disallowed_element,,,
libe-136610,rejected,disallowed_element,,,
libe-137831,rejected,disallowed_element,,,
libe-137834,rejected,disallowed_element,,,
libe-138001,rejected,disallowed_element,,,
libe-195413,rejected,disallowed_element,,,
libe-196645,rejected,disallowed_element,,,
libe-196685,rejected,disallowed_element,,,
libe-196692,rejected,disallowed_element,,,
libe-197128,rejected,disallowed_element,,,
libe-197458,rejected,disallowed_element,,,
libe-140747,rejected,disallowed_element,,,
libe-140806,rejected,disallowed_element,,,
libe-140944,rejected,disallowed_element,,,
libe-141046,rejected,disallowed_element,,,
libe-141153,rejected,disallowed_element,,,
libe-140623,rejected,disallowed_element,,,
libe-137069,rejected,disallowed_element,,,
libe-226893,rejected,not_closed_shell,,,
libe-501733,rejected,disallowed_element,,,
libe-501742,rejected,disallowed_element,,,
libe-501745,rejected,disallowed_element,,,
libe-121207,rejected,disallowed_element,,,
libe-227173,rejected,not_closed_shell,,,
libe-118613,rejected,disallowed_element,,,
libe-224687,rejected,not_closed_shell,,,
libe-137949,rejected,disallowed_element,,,
libe-137955,rejected,disallowed_element,,,
libe-137989,rejected,disallowed_element,,,
libe-138028,rejected,disallowed_element,,,
libe-178825,rejected,disallowed_element,,,
libe-179298,rejected,disallowed_element,,,
libe-173923,rejected,not_closed_shell,,,
libe-545016,rejected,not_closed_shell,,,
libe-545040,rejected,not_closed_shell,,,
libe-510968,rejected,disallowed_element,,,
libe-516554,rejected,disallowed_element,,,
libe-641353,rejected,not_closed_shell,,,
libe-641361,rejected,not_closed_shell,,,
libe-545150,rejected,disallowed_element,,,
libe-545295,rejected,disallowed_element,,,
libe-501983,rejected,not_closed_shell,,,
libe-515144,rejected,not_closed_shell,,,
libe-516595,rejected,not_closed_shell,,,
libe-525526,rejected,not_closed_shell,,,
libe-526096,rejected,not_closed_shell,,,
libe-524510,rejected,disallowed_element,,,
libe-527134,rejected,disallowed_element,,,
libe-528023,rejected,disallowed_element,,,
libe-528289,rejected,disallowed_element,,,
libe-542224,rejected,disallowed_element,,,
libe-637246,accepted,,84.074,libe-117040,libe-119755
libe-116651,accepted,,84.074,libe-117052,libe-119746
libe-116653,accepted,,84.074,libe-117045,libe-119706
libe-116655,accepted,,84.074,libe-117054,libe-119717
libe-116656,accepted,,84.074,libe-117046,libe-119719
libe-116657,accepted,,84.074,libe-117056,libe-119726
libe-116658,accepted,,84.074,libe-117050,libe-119729
libe-116659,accepted,,84.074,libe-117043,libe-119709
libe-116696,accepted,,84.074,libe-117049,libe-119711
libe-116661,accepted,,84.074,libe-117048,libe-119715
libe-116662,rejected,missing_cation_match,84.074,,
libe-116663,accepted,,84.074,libe-117062,libe-119736
libe-637296,rejected,missing_cation_match,84.074,,
libe-116665,accepted,,84.074,libe-117075,libe-119708
libe-116666,accepted,,84.074,libe-117058,libe-119731
libe-116667,accepted,,84.074,libe-117077,libe-119720
libe-116674,accepted,,84.074,libe-117074,libe-119718
libe-116675,accepted,,84.074,libe-117055,libe-119707
libe-116676,rejected,missing_anion_match,84.074,libe-117057,
libe-116677,accepted,,84.074,libe-117064,libe-119727
libe-637241,rejected,missing_anion_match,84.074,libe-117086,
libe-116689,rejected,missing_cation_match,84.074,,
libe-637235,rejected,missing_cation_match,84.074,,
libe-641171,rejected,not_closed_shell,84.074,,
libe-641201,rejected,not_closed_shell,84.074,,
libe-641202,rejected,not_closed_shell,84.074,,
libe-641205,rejected,not_closed_shell,84.074,,
libe-641221,rejected,not_closed_shell,84.074,,
libe-641228,rejected,not_closed_shell,84.074,,
libe-641241,rejected,not_closed_shell,84.074,,
libe-641244,rejected,not_closed_shell,84.074,,
libe-641245,rejected,not_closed_shell,84.074,,
libe-641253,rejected,not_closed_shell,84.074,,
libe-641286,rejected,not_closed_shell,84.074,,
libe-641292,rejected,not_closed_shell,84.074,,
libe-641297,rejected,not_closed_shell,84.074,,
libe-641344,rejected,not_closed_shell,84.074,,
libe-641362,rejected,not_closed_shell,84.074,,
libe-641366,rejected,not_closed_shell,84.074,,
libe-641420,rejected,not_closed_shell,84.074,,
libe-641426,rejected,not_closed_shell,84.074,,
libe-641457,rejected,not_closed_shell,84.074,,
libe-641502,rejected,not_closed_shell,84.074,,
libe-641528,rejected,not_closed_shell,84.074,,
libe-641586,rejected,not_closed_shell,84.074,,
libe-518973,rejected,disallowed_element,,,
libe-523502,rejected,disallowed_element,,,
libe-137480,rejected,disallowed_element,,,
libe-137483,rejected,disallowed_element,,,
libe-137580,rejected,disallowed_element,,,
libe-137587,rejected,disallowed_element,,,
libe-207960,rejected,disallowed_element,,,
libe-208008,rejected,disallowed_element,,,
libe-642393,rejected,not_closed_shell,,,
libe-642425,rejected,not_closed_shell,,,
libe-642440,rejected,not_closed_shell,,,
libe-642457,rejected,not_closed_shell,,,
libe-642481,rejected,not_closed_shell,,,
libe-511210,rejected,not_closed_shell,,,
libe-515196,rejected,not_closed_shell,,,
libe-634453,rejected,not_closed_shell,,,
libe-518953,rejected,not_closed_shell,,,
libe-529153,rejected,not_closed_shell,,,
libe-539914,rejected,not_closed_shell,,,
libe-514536,rejected,disallowed_element,,,
libe-515212,rejected,disallowed_element,,,
libe-519479,rejected,disallowed_element,,,
libe-520387,rejected,disallowed_element,,,
libe-118677,rejected,mass_out_of_range,46.025,,
libe-224823,rejected,not_closed_shell,46.025,,
libe-501926,rejected,disallowed_element,,,
libe-501717,rejected,not_closed_shell,,,
libe-515298,rejected,not_closed_shell,,,
libe-524349,rejected,not_closed_shell,,,
libe-527912,rejected,not_closed_shell,,,
libe-210008,rejected,not_closed_shell,,,
libe-141307,rejected,disallowed_element,,,
libe-141426,rejected,disallowed_element,,,
libe-497441,rejected,not_closed_shell,,,
libe-521157,rejected,not_closed_shell,,,
libe-501773,rejected,not_closed_shell,,,
libe-501790,rejected,not_closed_shell,,,
libe-545774,rejected,not_closed_shell,,,
libe-510909,rejected,not_closed_shell,,,
libe-519096,rejected,not_closed_shell,,,
libe-520668,rejected,not_closed_shell,,,
libe-528074,rejected,not_closed_shell,,,
libe-502130,rejected,disallowed_element,,,
libe-502451,rejected,not_closed_shell,,,
libe-118784,rejected,disallowed_element,,,
libe-118789,rejected,disallowed_element,,,
libe-118795,rejected,disallowed_element,,,
libe-118801,rejected,disallowed_element,,,
libe-118807,rejected,disallowed_element,,,
libe-118862,rejected,disallowed_element,,,
libe-118882,rejected,disallowed_element,,,
libe-118887,rejected,disallowed_element,,,
libe-118896,rejected,disallowed_element,,,
libe-118902,rejected,disallowed_element,,,
libe-118911,rejected,disallowed_element,,,
libe-176510,rejected,disallowed_element,,,
libe-176747,rejected,disallowed_element,,,
libe-191333,rejected,disallowed_element,,,
libe-191473,rejected,disallowed_element,,,
libe-191580,rejected,disallowed_element,,,
libe-191668,rejected,disallowed_element,,,
libe-191955,rejected,disallowed_element,,,
libe-641411,rejected,not_closed_shell,,,
libe-641415,rejected,not_closed_shell,,,
libe-641428,rejected,not_closed_shell,,,
libe-641444,rejected,not_closed_shell,,,
libe-641449,rejected,not_closed_shell,,,
libe-641461,rejected,not_closed_shell,,,
libe-641469,rejected,not_closed_shell,,,
libe-641471,rejected,not_closed_shell,,,
libe-641474,rejected,not_closed_shell,,,
libe-641475,rejected,not_closed_shell,,,
libe-641499,rejected,not_closed_shell,,,
libe-641533,rejected,not_closed_shell,,,
libe-641576,rejected,not_closed_shell,,,
libe-641583,rejected,not_closed_shell,,,
libe-641596,rejected,not_closed_shell,,,
libe-641605,rejected,not_closed_shell,,,
libe-641649,rejected,not_closed_shell,,,
libe-135999,rejected,disallowed_element,,,
libe-136010,rejected,disallowed_element,,,
libe-136194,rejected,disallowed_element,,,
libe-136383,rejected,disallowed_element,,,
libe-136394,rejected,disallowed_element,,,
libe-137039,rejected,disallowed_element,,,
libe-137062,rejected,disallowed_element,,,
libe-137078,rejected,disallowed_element,,,
libe-545158,rejected,not_closed_shell,142.12300000000002,,
libe-121656,rejected,disallowed_element,,,
libe-225984,rejected,not_closed_shell,,,
libe-136439,rejected,disallowed_element,,,
libe-175140,accepted,,118.13199999999999,libe-175285,libe-175251
libe-116409,accepted,,82.058,libe-116888,libe-116899
libe-116410,accepted,,82.058,libe-116882,libe-116894
libe-116412,accepted,,82.058,libe-116893,libe-116883
libe-636437,accepted,,82.058,libe-116896,libe-116891
libe-116415,accepted,,82.058,libe-116897,libe-116904
libe-116421,accepted,,82.058,libe-116932,libe-116905
libe-116426,accepted,,82.058,libe-116892,libe-116900
libe-116431,rejected,missing_cation_match,82.058,,
libe-116434,accepted,,82.058,libe-132421,libe-116885
libe-116478,rejected,missing_cation_match,82.058,,
libe-639845,rejected,not_closed_shell,82.058,,
libe-639864,rejected,not_closed_shell,82.058,,
libe-639865,rejected,not_closed_shell,82.058,,
libe-639893,rejected,not_closed_shell,82.058,,
libe-639922,rejected,not_closed_shell,82.058,,
libe-639924,rejected,not_closed_shell,82.058,,
libe-640158,rejected,not_closed_shell,82.058,,
libe-120458,rejected,not_closed_shell,,,
libe-121145,rejected,not_closed_shell,,,
libe-121179,rejected,not_closed_shell,,,
libe-121182,rejected,not_closed_shell,,,
libe-121183,rejected,not_closed_shell,,,
libe-132297,rejected,not_closed_shell,,,
libe-120794,rejected,disallowed_element,,,
libe-510543,rejected,disallowed_element,,,
libe-510884,rejected,disallowed_element,,,
libe-636663,rejected,disallowed_element,,,
libe-515934,rejected,disallowed_element,,,
libe-519589,rejected,disallowed_element,,,
libe-520642,rejected,disallowed_element,,,
libe-523701,rejected,disallowed_element,,,
libe-525756,rejected,disallowed_element,,,
libe-527001,rejected,disallowed_element,,,
libe-636681,rejected,disallowed_element,,,
libe-528596,rejected,disallowed_element,,,
libe-642891,rejected,not_closed_shell,,,
libe-642903,rejected,not_closed_shell,,,
libe-642941,rejected,not_closed_shell,,,
libe-642986,rejected,not_closed_shell,,,
libe-643001,rejected,not_closed_shell,,,
libe-643003,rejected,not_closed_shell,,,
libe-643051,rejected,not_closed_shell,,,
libe-643063,rejected,not_closed_shell,,,
libe-643077,rejected,not_closed_shell,,,
libe-643137,rejected,not_closed_shell,,,
libe-497484,rejected,mass_out_of_range,60.07000000000001,,
libe-641058,rejected,not_closed_shell,60.07000000000001,,
libe-115872,rejected,disallowed_element,,,
libe-115875,rejected,disallowed_element,,,
libe-635982,rejected,disallowed_element,,,
libe-226098,rejected,not_closed_shell,,,
libe-639554,rejected,not_closed_shell,,,
libe-120913,rejected,not_closed_shell,,,
libe-120916,rejected,not_closed_shell,,,
libe-120918,rejected,not_closed_shell,,,
libe-120919,rejected,not_closed_shell,,,
libe-120920,rejected,not_closed_shell,,,
libe-120921,rejected,not_closed_shell,,,
libe-120929,rejected,not_closed_shell,,,
libe-120938,rejected,not_closed_shell,,,
libe-121708,rejected,not_closed_shell,,,
libe-121709,rejected,not_closed_shell,,,
libe-121732,rejected,not_closed_shell,,,
libe-132295,rejected,not_closed_shell,,,
libe-188077,rejected,not_closed_shell,,,
libe-638369,rejected,disallowed_element,,,
libe-119121,rejected,disallowed_element,,,
libe-119129,rejected,disallowed_element,,,
libe-119153,rejected,disallowed_element,,,
libe-634441,rejected,disallowed_element,,,
libe-638285,rejected,disallowed_element,,,
libe-639689,rejected,not_closed_shell,,,
libe-639704,rejected,not_closed_shell,,,
libe-639716,rejected,not_closed_shell,,,
libe-639765,rejected,not_closed_shell,,,
libe-639775,rejected,not_closed_shell,,,
libe-639802,rejected,not_closed_shell,,,
libe-137605,rejected,not_closed_shell,,,
libe-177231,rejected,not_closed_shell,,,
libe-177257,rejected,not_closed_shell,,,
libe-177428,rejected,not_closed_shell,,,
libe-223593,rejected,not_closed_shell,,,
libe-137778,rejected,disallowed_element,,,
libe-137903,rejected,disallowed_element,,,
libe-211545,rejected,disallowed_element,,,
libe-227057,rejected,not_closed_shell,,,
libe-640647,rejected,not_closed_shell,,,
libe-640700,rejected,not_closed_shell,,,
libe-501654,rejected,disallowed_element,,,
libe-510583,rejected,disallowed_element,,,
libe-511030,rejected,disallowed_element,,,
libe-522780,rejected,disallowed_element,,,
libe-526735,rejected,disallowed_element,,,
libe-119049,rejected,disallowed_element,,,
libe-119060,rejected,disallowed_element,,,
libe-119461,rejected,disallowed_element,,,
libe-119462,rejected,disallowed_element,,,
libe-119470,rejected,disallowed_element,,,
libe-637082,rejected,disallowed_element,,,
libe-119475,rejected,disallowed_element,,,
libe-119482,rejected,disallowed_element,,,
libe-119483,rejected,disallowed_element,,,
libe-637006,rejected,disallowed_element,,,
libe-119487,rejected,disallowed_element,,,
libe-119502,rejected,disallowed_element,,,
libe-136958,rejected,disallowed_element,,,
libe-194909,rejected,disallowed_element,,,
libe-198785,rejected,disallowed_element,,,
libe-198828,rejected,disallowed_element,,,
libe-641928,rejected,not_closed_shell,,,
libe-641947,rejected,not_closed_shell,,,
libe-641951,rejected,not_closed_shell,,,
libe-641963,rejected,not_closed_shell,,,
libe-641966,rejected,not_closed_shell,,,
libe-641971,rejected,not_closed_shell,,,
libe-642001,rejected,not_closed_shell,,,
libe-642042,rejected,not_closed_shell,,,
libe-642051,rejected,not_closed_shell,,,
libe-642070,rejected,not_closed_shell,,,
libe-642081,rejected,not_closed_shell,,,
libe-642108,rejected,not_closed_shell,,,
libe-642112,rejected,not_closed_shell,,,
libe-115779,rejected,disallowed_element,,,
libe-121671,rejected,disallowed_element,,,
libe-119839,rejected,not_closed_shell,87.098,,
libe-119843,rejected,not_closed_shell,87.098,,
libe-119845,rejected,not_closed_shell,87.098,,
libe-119848,rejected,not_closed_shell,87.098,,
libe-119849,rejected,not_closed_shell,87.098,,
libe-119850,rejected,not_closed_shell,87.098,,
libe-119851,rejected,not_closed_shell,87.098,,
libe-119852,rejected,not_closed_shell,87.098,,
libe-119853,rejected,not_closed_shell,87.098,,
libe-119854,rejected,not_closed_shell,87.098,,
libe-119856,rejected,not_closed_shell,87.098,,
libe-119857,rejected,not_closed_shell,87.098,,
libe-119860,rejected,not_closed_shell,87.098,,
libe-119876,rejected,not_closed_shell,87.098,,
libe-119934,rejected,not_closed_shell,87.098,,
libe-132445,rejected,not_closed_shell,87.098,,
libe-132479,rejected,not_closed_shell,87.098,,
libe-182969,rejected,not_closed_shell,87.098,,
libe-182976,rejected,not_closed_shell,87.098,,
libe-183027,rejected,not_closed_shell,87.098,,
libe-515471,rejected,not_closed_shell,87.098,,
libe-520468,rejected,not_closed_shell,87.098,,
libe-501816,rejected,not_closed_shell,,,
libe-510456,rejected,not_closed_shell,,,
libe-528257,rejected,not_closed_shell,,,
libe-528376,rejected,not_closed_shell,,,
libe-136027,rejected,not_closed_shell,,,
libe-136053,rejected,not_closed_shell,,,
libe-136076,rejected,not_closed_shell,,,
libe-136288,rejected,not_closed_shell,,,
libe-136308,rejected,not_closed_shell,,,
libe-137029,rejected,not_closed_shell,,,
libe-137043,rejected,not_closed_shell,,,
libe-137711,rejected,not_closed_shell,,,
libe-189045,rejected,not_closed_shell,,,
libe-189284,rejected,not_closed_shell,,,
libe-189382,rejected,not_closed_shell,,,
libe-189443,rejected,not_closed_shell,,,
libe-189452,rejected,not_closed_shell,,,
libe-189881,rejected,not_closed_shell,,,
libe-190596,rejected,not_closed_shell,,,
libe-191737,rejected,not_closed_shell,,,
libe-192355,rejected,not_closed_shell,,,
libe-501922,rejected,not_closed_shell,,,
libe-514903,rejected,not_closed_shell,,,
libe-517348,rejected,not_closed_shell,,,
libe-517515,rejected,not_closed_shell,,,
libe-527844,rejected,not_closed_shell,,,
libe-528951,rejected,not_closed_shell,,,
libe-542460,rejected,not_closed_shell,,,
libe-545526,rejected,disallowed_element,,,
libe-641664,rejected,not_closed_shell,,,
libe-135786,rejected,not_closed_shell,,,
libe-545724,rejected,not_closed_shell,,,
libe-545761,rejected,not_closed_shell,,,
libe-636234,rejected,disallowed_element,,,
libe-120484,rejected,disallowed_element,,,
libe-120485,rejected,disallowed_element,,,
libe-120491,rejected,disallowed_element,,,
libe-120503,rejected,disallowed_element,,,
libe-120506,rejected,disallowed_element,,,
libe-120509,rejected,disallowed_element,,,
libe-120510,rejected,disallowed_element,,,
libe-179516,rejected,disallowed_element,,,
libe-179697,rejected,disallowed_element,,,
libe-640333,rejected,not_closed_shell,,,
libe-640366,rejected,not_closed_shell,,,
libe-640400,rejected,not_closed_shell,,,
libe-640421,rejected,not_closed_shell,,,
libe-640435,rejected,not_closed_shell,,,
libe-640458,rejected,not_closed_shell,,,
libe-640513,rejected,not_closed_shell,,,
libe-501304,rejected,not_closed_shell,,,
libe-118339,rejected,disallowed_element,,,
libe-118342,rejected,disallowed_element,,,
libe-175968,rejected,disallowed_element,,,
libe-225982,rejected,not_closed_shell,,,
libe-226079,rejected,not_closed_shell,,,
libe-641295,rejected,not_closed_shell,,,
libe-121666,rejected,disallowed_element,,,
libe-641459,rejected,not_closed_shell,,,
libe-502660,rejected,not_closed_shell,,,
libe-137459,rejected,not_closed_shell,,,
libe-515234,rejected,not_closed_shell,,,
libe-509539,rejected,not_closed_shell,,,
libe-524892,rejected,not_closed_shell,,,
libe-509877,rejected,not_closed_shell,,,
libe-523196,rejected,not_closed_shell,,,
libe-524297,rejected,not_closed_shell,,,
libe-527356,rejected,not_closed_shell,,,
libe-536189,rejected,not_closed_shell,,,
libe-542208,rejected,not_closed_shell,,,
libe-501731,rejected,disallowed_element,,,
libe-117461,rejected,not_closed_shell,,,
libe-117475,rejected,not_closed_shell,,,
libe-136915,rejected,not_closed_shell,,,
libe-137055,rejected,not_closed_shell,,,
libe-178915,rejected,not_closed_shell,,,
libe-527916,rejected,not_closed_shell,,,
libe-634372,rejected,not_closed_shell,,,
libe-634413,rejected,not_closed_shell,,,
libe-518936,rejected,disallowed_element,,,
libe-526958,rejected,disallowed_element,,,
libe-527726,rejected,disallowed_element,,,
libe-640324,rejected,not_closed_shell,,,
libe-640328,rejected,not_closed_shell,,,
libe-640399,rejected,not_closed_shell,,,
libe-118529,rejected,mass_out_of_range,58.035999999999994,,
libe-118531,rejected,mass_out_of_range,58.035999999999994,,
libe-119377,rejected,mass_out_of_range,58.035999999999994,,
libe-119387,rejected,mass_out_of_range,58.035999999999994,,
libe-203611,rejected,mass_out_of_range,58.035999999999994,,
libe-203684,rejected,mass_out_of_range,58.035999999999994,,
libe-203974,rejected,mass_out_of_range,58.035999999999994,,
libe-225372,rejected,not_closed_shell,58.035999999999994,,
libe-225425,rejected,not_closed_shell,58.035999999999994,,
libe-225445,rejected,not_closed_shell,58.035999999999994,,
libe-225719,rejected,not_closed_shell,58.035999999999994,,
libe-640629,rejected,not_closed_shell,58.035999999999994,,
libe-640694,rejected,not_closed_shell,58.035999999999994,,
libe-115982,rejected,mass_out_of_range,40.065,,
libe-115986,rejected,mass_out_of_range,40.065,,
libe-115991,rejected,mass_out_of_range,40.065,,
libe-115992,rejected,mass_out_of_range,40.065,,
libe-115999,rejected,mass_out_of_range,40.065,,
libe-224688,rejected,not_closed_shell,40.065,,
libe-224692,rejected,not_closed_shell,40.065,,
libe-224728,rejected,not_closed_shell,40.065,,
libe-224766,rejected,not_closed_shell,40.065,,
libe-497408,rejected,not_closed_shell,46.067,,
libe-121533,rejected,not_closed_shell,129.135,,
libe-119105,rejected,disallowed_element,,,
libe-119118,rejected,disallowed_element,,,
libe-642339,rejected,not_closed_shell,,,
libe-642398,rejected,not_closed_shell,,,
libe-137806,rejected,not_closed_shell,,,
libe-176656,rejected,not_closed_shell,,,
libe-176720,rejected,not_closed_shell,,,
libe-529167,rejected,not_closed_shell,,,
libe-515382,rejected,disallowed_element,,,
libe-527309,rejected,disallowed_element,,,
libe-115873,rejected,disallowed_element,,,
libe-225203,rejected,not_closed_shell,,,
libe-138182,rejected,disallowed_element,,,
libe-138249,rejected,disallowed_element,,,
libe-179612,rejected,disallowed_element,,,
libe-180695,rejected,disallowed_element,,,
libe-508791,rejected,disallowed_element,,,
libe-511355,rejected,disallowed_element,,,
libe-519867,rejected,disallowed_element,,,
libe-520455,rejected,disallowed_element,,,
libe-521088,rejected,disallowed_element,,,
libe-522787,rejected,disallowed_element,,,
libe-526898,rejected,disallowed_element,,,
libe-527824,rejected,disallowed_element,,,
libe-534603,rejected,disallowed_element,,,
libe-539902,rejected,disallowed_element,,,
libe-658745,rejected,not_closed_shell,88.018,,
libe-658627,rejected,disallowed_element,,,
libe-658632,rejected,disallowed_element,,,
libe-658635,rejected,disallowed_element,,,
libe-658641,rejected,disallowed_element,,,
libe-658624,rejected,not_closed_shell,,,
libe-658628,rejected,not_closed_shell,,,
libe-224656,rejected,not_closed_shell,44.009,,
libe-658667,rejected,disallowed_element,,,
libe-658679,rejected,disallowed_element,,,
libe-658690,rejected,disallowed_element,,,
libe-658666,rejected,not_closed_shell,,,
libe-658691,rejected,not_closed_shell,,,
libe-658785,rejected,not_closed_shell,,,
libe-658698,rejected,not_closed_shell,57.028,,
libe-658740,rejected,disallowed_element,,,
libe-658741,rejected,not_closed_shell,,,
libe-658655,rejected,not_closed_shell,,,
libe-658710,rejected,not_closed_shell,89.026,,
libe-658703,rejected,mass_out_of_range,58.035999999999994,,
libe-658701,rejected,not_closed_shell,58.035999999999994,,
libe-658771,rejected,not_closed_shell,,,
libe-658780,rejected,not_closed_shell,,,
libe-658792,rejected,not_closed_shell,,,
libe-658801,rejected,not_closed_shell,,,
libe-658797,rejected,missing_cation_match,90.034,,
libe-658800,rejected,not_closed_shell,90.034,,
libe-658754,rejected,not_closed_shell,72.019,,
libe-658708,accepted,,74.03500000000001,libe-658709,libe-658713
libe-658704,rejected,not_closed_shell,74.03500000000001,,
libe-658723,rejected,not_closed_shell,73.027,,
libe-652486,rejected,disallowed_element,,,
